21,watches,watch
6,volcanoes,volcano
2,leaves,leaf
2,tecs,tec
6,communes,commune
7,sharks,shark
3,acrylics,acrylic
1,costumes,costume
3,aftereffects,aftereffect
1,dramas,drama
1,hydrologists,hydrologist
1,thermistors,thermistor
6,olympiads,olympiad
1,avocados,avocado
1,thermals,thermal
1,checkouts,checkout
2,esms,-2
29,vas,-2
8,hps,-2
2,lifelines,lifeline
2,bookshelves,bookshelf
1,screenings,screening
1,aiss,-2
4,pigs,pig
99,corpora,corpus
2,locators,locator
1,gators,gator
5,passages,passage
5,teammates,teammate
1,keepers,keeper
1,sees,see
9,orphans,orphan
7,bitters,bitter
2,citys,city
1,introductions,introduction
3,cotes,cote
4,bananas,banana
1,escorts,escort
4,competences,competence
2,calorimeters,calorimeter
1,horns,horn
2,rearrangements,rearrangement
3,rfs,-2
2,annuities,annuity
1,folks,folk
4,refills,refill
2,swimmers,swimmer
57,ens,-2
1,pedigrees,pedigree
1,spines,spine
2,instantiations,instantiation
6,celebrities,celebrity
4,principals,principal
1,rents,rent
1,troubles,trouble
60,communities,community
1,sssssss,-1
2,punishments,punishment
1,1s,-1
4,bloggers,blogger
1,iqs,-2
1,reproducers,reproducer
3,moods,mood
2246,os,-2
2,increments,increment
4,aggregates,aggregate
1,resolves,resolve
10,biases,bias
19,mns,-2
6,mfs,-2
37,bodies,body
2,roundabouts,roundabout
1,consumptions,consumption
1,seams,seam
3,emergencies,emergency
1,feels,feel
6,dui,duo
3,corals,coral
3,inscriptions,inscription
67,srs,-2
2,analogs,analog
1,grahams,graham
1,furs,fur
3,monkeys,monkey
1,examens,examen
4,uniforms,uniform
2,gibs,-2
1,coreferences,coreference
2,dipterocarps,dipterocarp
2,ipos,-2
4,augmentations,augmentation
1,recitations,recitation
2,skips,skip
1,tangerines,tangerine
4,intercepts,intercept
1,centuries,century
2,flocks,flock
11,crossroads,crossroad
1,urbanas,urbana
2,butterflies,butterfly
1,imfs,-2
2,ordinates,ordinate
1,disturbances,disturbance
1,thermostats,thermostat
7,ias,-2
274,ps,-2
2,alphas,alpha
5,exs,-2
1,explosives,explosive
3,pushups,pushup
10,isms,-2
2,adolescents,adolescent
9,warriors,warrior
1,songbirds,songbird
204,pass,-2
1,capitalizations,capitalization
1,services,service
8,kws,-2
1,strands,strand
1,vortices,vortex
1,spawners,spawner
1,alertings,alerting
1,cios,-2
6,raids,raid
2,subclasses,subclass
17,settlers,settler
2,paperclips,paperclip
1,inches,inch
1,straits,strait
2,ybs,-2
2,resistors,resistor
4,riders,rider
6,freshmen,freshman
1,madams,madam
2,mats,mat
3,battles,battle
1,christmass,christmas
8,hss,-2
6,castles,castle
7,declensions,declension
1,trespassers,trespasser
1,epithelia,epithelium
1,himalayas,himalaya
2,arboviruses,arbovirus
1,zips,zip
1,dues,due
1,speakings,speaking
2,kitties,kitty
5,brains,brain
3,cites,cite
7,csss,-2
2,radii,radius
4,bulkheads,bulkhead
1,funerals,funeral
33,mcs,-2
1,fucks,fuck
1,bras,bra
2,sisters,sister
1,participations,participation
1,rollbacks,rollback
337,ngs,ng
5,sous,sou
1,parrots,parrot
2,kses,-2
5,gss,-2
3,polymers,polymer
1,autoloaders,autoloader
4,qualifications,qualification
1,maloti,-2
1,causas,causa
1,hdlss,-2
8,suppliers,supplier
1,gazettes,gazette
1,sayings,saying
1,liars,liar
1,firms,firm
7,supercomputers,supercomputer
6,fluxes,flux
1,daycares,daycare
3,confessions,confession
4,ores,-2
3,lemurs,lemur
1,coaxs,coax
2,mists,mist
1,rubrics,rubric
2,tribunals,tribunal
4,fins,fin
1,woes,woe
14,parentheses,parenthesis
7,carpentries,carpentry
235,vulnerabilities,vulnerability
1,holograms,hologram
1,seraphim,seraph
1,peaches,peach
1,lengths,length
6,functionalities,functionality
1,congruences,congruence
5,crumbs,crumb
1,loots,loot
87,sketches,sketch
1,epicycles,epicycle
1,hashs,hash
1,2s,-2
1,sines,sine
1,attestations,attestation
1,categorys,category
1,hgs,-2
1,wits,-2
2,bods,-2
1,cutthroats,cutthroat
4,pcss,-2
1,annexations,annexation
1,electromyograms,electromyogram
1,occupants,occupant
1,stags,stag
6,elves,elf
112,binaries,binary
1,manipulators,manipulator
1,transparencies,transparency
1,cares,care
1,inducers,inducer
2,herbaria,herbarium
2,swats,swat
4,campgrounds,campground
2,laminates,laminate
1,dames,dame
17,brats,brat
5,scooters,scooter
4,bookends,bookend
14,complexes,complex
5,villains,villain
234,studies,study
141,pins,pin
3,caricatures,caricature
75,koans,koan
4,cves,-2
571,faas,-2
1,octaves,octave
1,discharges,discharge
22,tess,-2
9,wales,wale
3,implants,implant
1,wants,want
4,postings,posting
3,disclosures,disclosure
1,takedowns,takedown
11,ephemerides,ephemeris
9,schedulers,scheduler
1,educations,education
1,rooftops,rooftop
6,exclusions,exclusion
4,spans,span
6,pitfalls,pitfall
2,modalities,modality
1,joules,joule
1,rabbits,rabbit
1,andersens,andersen
1,12s,-1
22718,ios,-2
2,juniors,junior
1,hydrations,hydration
3,amps,-2
2,councillors,councillor
1,leopards,leopard
2,testas,testa
2,bells,bell
6,supplies,supply
1,slimes,slime
1,ccss,-2
4,sortings,sorting
140,des,-2
7,rus,-2
1,copiers,copier
1,regiments,regiment
5,analogies,analogy
4,playoffs,playoff
1,cooks,cook
4,rulers,ruler
6,yaws,-2
1,misspellings,misspelling
5,globs,glob
1,hogs,hog
1,cpiss,-2
1,graffitis,graffiti
5,metaphors,metaphor
15,jis,-2
17,hfs,-2
7,lers,-2
1,payables,payable
8,colleagues,colleague
2,villagers,villager
2,airs,air
3,blurs,blur
4,gliders,glider
1,literatures,literature
1,reservoirs,reservoir
1,bigwigs,bigwig
1,incursions,incursion
1,windings,winding
6,xts,-2
9,cfs,-2
36,sls,-2
4,microseconds,microsecond
4,valves,valve
28,batteries,battery
1,caravans,caravan
71,hs,-2
1,disconnects,disconnect
4,subprograms,subprogram
1,substructures,substructure
1,availabilities,availability
3,balkans,balkan
3,inconsistencies,inconsistency
9,bis,-2
7,repairs,repair
3,aphorisms,aphorism
1,gomas,goma
15,bounties,bounty
2,apologies,apology
3,organisers,organiser
1,experimenters,experimenter
29,descriptions,description
30,vss,-2
4,conquerors,conqueror
1,nineties,ninety
3,disruptions,disruption
1,crss,-2
4,situations,situation
1,gpas,gpa
1,sucres,sucre
2,vitamins,vitamin
1,onsets,onset
1,pylons,pylon
1,plumbers,plumber
15,gambas,gamba
7,antennas,antenna
1,ecfs,-2
2,nits,nit
17,dominoes,domino
238,sas,-2
4,lumina,lumen
1,catenae,catena
4,interiors,interior
1,hubcaps,hubcap
13,sbs,-2
2,reds,red
2,gorillas,gorilla
5,opens,open
8,puppies,puppy
5,bullets,bullet
2,ects,ect
38,sprockets,sprocket
1,fcss,fcs
1,congregations,congregation
2,eyeballs,eyeball
2,costas,costa
79,boundaries,boundary
17,sdss,-2
9,authorities,authority
5,overrides,override
1,wobbles,wobble
1,taxons,taxon
10,testes,testis
189,obs,-2
5,kgs,-2
1,peris,peri
1,barks,bark
1,launchs,launch
1,warlords,warlord
1,widths,width
2,envelopes,envelope
4,dicks,dick
1,biologists,biologist
2,tableaux,tableau
2,paparazzi,paparazzo
3,mcss,-2
1,warts,wart
1,liberties,liberty
1,landers,lander
1,wus,-2
4,vikings,viking
1,necks,neck
1,yawns,yawn
4,febs,feb
4,tilings,tiling
35,branches,branch
2,switchers,switcher
45,quizzes,quiz
2,rooks,rook
6,nvs,-2
1,sniffles,sniffle
3,sticks,stick
1,congresses,congress
149,ls,-2
4,finds,find
2,projectiles,projectile
2,goblins,goblin
12,ans,-2
1,switchboards,switchboard
2,tropics,tropic
1,crowns,crown
1,quadrupeds,quadruped
2,sinais,sinai
1,givers,giver
1,wrestlers,wrestler
3,ssss,-1
10,honours,honour
23,galleries,gallery
3,females,female
3,escapes,escape
1,lids,lid
6,bottles,bottle
3,repertoires,repertoire
1,dvds,dvd
1,concords,concord
1,compactions,compaction
1,licences,licence
3,cses,-2
2,scrips,scrip
2,visas,visa
4,makes,make
7,sunglasses,sunglass
3,tessellations,tessellation
8,disciples,disciple
2,sketchs,sketch
2,roomies,roomy
1022,libraries,library
2,palms,palm
2,resonances,resonance
16,anomalies,anomaly
1,piers,pier
2,tadpoles,tadpole
1,civilians,civilian
1,hoes,hoe
1,chagas,chaga
1,snipes,snipe
1,fears,fear
1,chineses,chinese
4,staples,staple
2,seismograms,seismogram
2,lus,-2
1,splices,splice
3,arrests,arrest
1,tuitions,tuition
1,tigers,tiger
5,visits,visit
42,lbs,-2
26,nos,-2
4,matchsticks,matchstick
2,strangers,stranger
1,primi,primo
7,kts,-2
2,looks,look
1,lxs,-2
2,syllabi,syllabus
2,evs,-2
1,televisions,television
1,bitts,bitt
10,halls,hall
3,cartridges,cartridge
1,embers,ember
1,pipeworks,pipework
5,kps,-2
1,hangs,hang
1,chants,chant
2,machinations,machination
1,stakeholders,stakeholder
11,bas,-2
1,scorpions,scorpion
1,outlooks,outlook
1,envys,envy
2,taxis,taxi
52,companies,company
2,siblings,sibling
9,tenders,tender
1,migraines,migraine
1,activitys,activity
1,preys,prey
3,importers,importer
9,allergens,allergen
6,europass,europa
1,gales,gale
1,drips,drip
1,regimes,regime
2,campsites,campsite
1,concessions,concession
3,latitudes,latitude
6,skyscrapers,skyscraper
1,coops,coop
3,installments,installment
22,kss,-2
2,exponents,exponent
1,ducts,duct
3,nails,nail
1,classmates,classmate
2,manufacturers,manufacturer
10,cids,cid
1,terpenes,terpene
39,servos,servo
1,companions,companion
2,naves,nave
1,skis,ski
1,dys,dy
7,lies,lie
1,bracers,bracer
3,garages,garage
4,prokaryotes,prokaryote
2,oddities,oddity
57,nms,-2
6,flashes,flash
1,congratulations,congratulation
73,mms,-2
1,vulgarities,vulgarity
1,samplers,sampler
25,facilities,facility
8,toastmasters,toastmaster
1,craftsmen,craftsman
11,musketeers,musketeer
6,barnacles,barnacle
5,els,-2
2,soils,soil
14,goodies,goody
36,pintos,pinto
1,concordances,concordance
4,couriers,courier
9,oscars,oscar
66,aras,-2
1,tickers,ticker
98,junos,juno
3,cakes,cake
1,globes,globe
1,eddas,edda
4,dolphins,dolphin
3,excursions,excursion
14,ribs,rib
40,wss,-2
65,snps,snp
2,outs,out
2,raffles,raffle
1,sols,sol
4,hikes,hike
1,canaries,canary
13,artisans,artisan
1,interviewees,interviewee
1,skims,skim
5,flies,fly
1,parallelograms,parallelogram
2,gobis,gobi
1,cheques,cheque
1,lunches,lunch
1,insertions,insertion
1,hybridomas,hybridoma
1,actinides,actinide
3,diodes,diode
4,hexes,hex
2,pagerss,pager
2,deserts,desert
1,merits,merit
1,jiffies,jiffy
2,blessings,blessing
3055,media,medium
26,skillets,skillet
1,civilizations,civilization
1,rivals,rival
2,democrats,democrat
1,syllogisms,syllogism
262,countries,country
66,methodologies,methodology
2,watermarks,watermark
1,mandates,mandate
3,gimps,gimp
149,ss,-1
3,mammals,mammal
3,ukrainians,ukrainian
1,zeds,zed
10,journalists,journalist
1,earphones,earphone
1,latencies,latency
2,slabs,slab
252,philips,philip
8,bylaws,bylaw
1,plotters,plotter
1,nims,nim
2,statutes,statute
2,folds,fold
1,approximations,approximation
1,abbs,-2
2,bootstraps,bootstrap
1,psalms,psalm
2,muss,-2
1,knaves,knave
1,graduates,graduate
1,ikons,ikon
5,beverages,beverage
1,eyebrows,eyebrow
2,ctss,-2
9,cables,cable
14,cannibals,cannibal
1729,gis,-2
1,nimses,nim
1,psyops,psyop
532,cs,-2
7,breaks,break
1,dieses,diesis
3,noodles,noodle
3,refunds,refund
1,electives,elective
37,xs,-2
1,auditions,audition
2,substrates,substrate
1,apostrophes,apostrophe
2,decays,decay
32,muses,-2
4,stamina,stamen
4,uses,-2
1,removals,removal
1,laplaces,laplace
20,cls,-2
3,pings,ping
1,ssssssssssssss,-1
6,prayers,prayer
5,predictors,predictor
211,dados,dado
1,headaches,headache
4,fellows,fellow
2,semicolons,semicolon
1,gbss,gb
1,barbers,barber
2,biss,bi
7331,keras,kera
305,ingress,ingres
2,phages,phage
2,punches,punch
3,obis,-2
13,watts,watt
27,buses,bus
16,mangos,mango
1,dons,-2
1,tailwinds,tailwind
1,weekends,weekend
1,responders,responder
3,idiots,idiot
3,affaires,affaire
1,cultivars,cultivar
1,lottes,lotte
2,lions,lion
1,rots,-2
1,mixs,mix
1,embassies,embassy
4,bookmakers,bookmaker
4,inverters,inverter
1,supplications,supplication
3,nominations,nomination
7,societies,society
1,postmasters,postmaster
3,laureates,laureate
2,insides,inside
1,asses,ass
3,consoless,console
5,registrations,registration
1,ctcss,-2
3,njs,-2
1,dpss,-2
1,blockbusters,blockbuster
6,beaches,beach
1,chalcids,chalcid
3,storefronts,storefront
1,dampers,damper
1,racks,rack
1,scoreboards,scoreboard
15,toolboxes,toolbox
4,iterations,iteration
1,decals,decal
33,frequencies,frequency
2,pairings,pairing
2,tumors,tumor
1,poppers,popper
2,patrons,patron
1,pastels,pastel
2,armies,army
1,planos,plano
1,dracos,draco
1,tbss,-2
4,electrodes,electrode
2,gits,git
1,hes,-2
25,ils,-2
5,bachelors,bachelor
1,deds,ded
97,cos,-2
5,xxs,-2
1,wavelengths,wavelength
2,elss,-2
2,contingencies,contingency
1,olives,olive
3,stunts,stunt
2,economies,economy
5,wormholes,wormhole
2,suburbs,suburb
14,hms,-2
8,villas,villa
66,mos,-2
2,millions,million
1,doorbells,doorbell
1,crocodiles,crocodile
1,compensations,compensation
2,stops,stop
3,rupees,rupee
1,degradations,degradation
1,nomes,nome
1,ridges,ridge
135,ns,-2
1,safeguards,safeguard
3,toots,toot
3,pails,pail
6,periods,period
1,misdeeds,misdeed
1,junks,junk
1,brinks,brink
1,salutations,salutation
6,poms,pom
2,draws,draw
6,hobbyists,hobbyist
1,quarters,quarter
5,curricula,curriculum
18,indians,indian
5,canvass,canvas
4,plains,plain
14,pes,-2
1,doges,doge
81,us,-2
1,capita,caput
7,lotteries,lottery
1,curs,cur
2,cognates,cognate
17,accessories,accessory
4,hns,-2
7,cobs,-2
1,bucks,buck
4,landings,landing
1,footsteps,footstep
3,backlogs,backlog
1,ironsides,ironside
167,xls,-2
4,fallbacks,fallback
1,belongings,belonging
1,tapes,tape
4,commuters,commuter
4,wis,-2
8,pascals,pascal
3,mus,-2
1,tabletops,tabletop
1,landslides,landslide
11,ceramics,ceramic
2,witnesses,witness
1,sweeteners,sweetener
25,sis,-2
1,businesss,business
4,wines,wine
10,npcs,npc
1,kickers,kicker
1,disciplines,discipline
1,xsss,-2
1,roundheads,roundhead
4,taps,tap
2,constructions,construction
1,cuisines,cuisine
1,parsnips,parsnip
2,specials,special
5,primers,primer
7,complexities,complexity
1,ornaments,ornament
2,kineses,kine
4,deviations,deviation
4,kcs,-2
4,segmentations,segmentation
2,lesions,lesion
1,nameplates,nameplate
1,darks,dark
4,etymologies,etymology
1,trustees,trustee
1,bookstores,bookstore
1,sirens,siren
14,hierarchies,hierarchy
2,debates,debate
3,socials,social
4,rituals,ritual
1,piranhas,piranha
27,disabilities,disability
1,coachings,coaching
2,commissions,commission
2,nebulae,nebula
1,syntaxes,syntax
63,acs,-2
55,iss,-2
1,axs,-2
2,squirrels,squirrel
94,baas,baa
8,lloyds,lloyd
194,coveralls,coverall
1,entertainers,entertainer
1,yaks,yak
2,meteors,meteor
1,heists,heist
3,negatives,negative
2,scrims,scrim
15,missionaries,missionary
106,formulae,formula
2,duos,duo
4,reeves,reef
1,mils,mil
1,stones,stone
39,tomatoes,tomato
20,groceries,grocery
2,summits,summit
3,redundancies,redundancy
1,losers,loser
1,voicerss,voicer
2,demands,demand
1,attempts,attempt
25,advisories,advisory
1,royalties,royalty
2,alliances,alliance
5,explosions,explosion
1,execs,exec
3,mustaches,mustache
1,rarities,rarity
161,aks,-2
4,arthurs,arthur
1,subdivisions,subdivision
1,moths,moth
58,capabilities,capability
1,swipes,swipe
29,opportunities,opportunity
4,profanities,profanity
3,authorizations,authorization
4,dashes,dash
8,wolves,wolf
1,dyes,dye
1,combs,comb
1,lobbyists,lobbyist
206,ids,-2
1,genera,genus
1,redemptions,redemption
4,exudates,exudate
1,splashes,splash
1,coopers,cooper
2,microorganisms,microorganism
1,obituaries,obituary
1,worries,worry
1,milkshakes,milkshake
2,shims,shim
2,kiosks,kiosk
1,epochs,epoch
2,cmvs,cmv
1,reels,reel
2,lints,lint
5,colonies,colony
1,portables,portable
4,exactas,exacta
1,ideass,idea
3,breakers,breaker
251,cas,-2
1,co-ops,co-op
1,stadia,stadium
1,pillars,pillar
1,pubs,pub
2,ades,ade
1,sailors,sailor
1391,handlebars,handlebar
11,pds,-2
2,formations,formation
30,eagles,eagle
3,fries,fry
2,peasants,peasant
1,turntables,turntable
2,dsls,-2
1,checkbooks,checkbook
1,wineries,winery
33,taxonomies,taxonomy
189,monads,monad
1895,sms,-2
3,ges,-2
1,pastries,pastry
1,individuals,individual
21,cvss,-2
1,verticals,vertical
14,mailboxes,mailbox
2,crossovers,crossover
5,etudes,etude
12,dags,dag
3,sells,sell
1,jews,jew
1,ficas,fica
1,mints,mint
3,comprehensions,comprehension
2,armors,armor
1,formulations,formulation
1,motss,mot
5,camps,camp
1,fences,fence
1,goers,goer
26,breaches,breach
1,liabilities,liability
8,dats,dat
1,cheatings,cheating
1,speeds,speed
4,demonstrations,demonstration
1,wholesalers,wholesaler
1,succulents,succulent
1,bounces,bounce
3,colloids,colloid
2,viewpoints,viewpoint
3,waltzes,waltz
3,bowls,bowl
1,commercials,commercial
26,maxima,maximum
1,tacks,tack
1,abutments,abutment
1,casualties,casualty
1,praias,praia
6,blades,blade
3,enclaves,enclave
15,floats,float
14,tads,tad
2,pivots,pivot
10,guesses,guess
2,friendships,friendship
1,beneficiaries,beneficiary
1,rocs,-2
6,enzymes,enzyme
52,nds,-2
1,shorelines,shoreline
5,sinusoids,sinusoid
1,supporters,supporter
3,bulldogs,bulldog
1,quadrics,quadric
3,errands,errand
4,uss,-2
2,opponents,opponent
2,foodstuffs,foodstuff
6,beads,bead
1,copyrights,copyright
2,xes,-2
3,hos,-2
1,cardinalities,cardinality
3,leaflets,leaflet
10,openings,opening
5,acquisitions,acquisition
1,anos,-2
2,bitches,bitch
1,gnats,gnat
1,conundrums,conundrum
1,postmen,postman
2,umps,ump
2,chopsticks,chopstick
2,sniffs,sniff
2,kbs,-2
1,differentiations,differentiation
7,rpms,-2
1,revelations,revelation
1,closers,closer
1,defenses,defense
3,igs,-2
1,adversaries,adversary
1,densities,density
5,fatalities,fatality
1,noses,nose
3,hills,hill
15,ecms,-2
1,yarns,yarn
6,aas,-2
1,debts,debt
2,constituencies,constituency
262,bs,-2
2,stockholms,stockholm
1,voyages,voyage
1,presences,presence
5,lss,-2
1,booths,booth
2,jammers,jammer
3,teasers,teaser
2,insurers,insurer
2,servants,servant
18,velocities,velocity
2,sutras,sutra
1,albinos,albino
1,incomes,income
95,dss,-2
7,fls,-2
8178,sass,-2
1,grandmas,grandma
1,luminaries,luminary
2,depots,depot
5,burritos,burrito
47,ncs,-2
5,flocss,floc
1,matts,matt
20,glasses,glass
1,kis,-2
382,xss,-2
5,centroids,centroid
3,waveguides,waveguide
1,haters,hater
1,mares,mare
15,stimuli,stimulus
1,priests,priest
2,thrushes,thrush
2,cafes,cafe
4,compresses,compress
1,nominals,nominal
1,charters,charter
1,hues,hue
1,trams,tram
1,originators,originator
3,apprenticeships,apprenticeship
1,orchids,orchid
1,infomercials,infomercial
3,esps,-2
1,vertexes,vertex
1,weiss,-2
2,dominions,dominion
3,qualities,quality
3,gets,get
1,accumulators,accumulator
6,potatoes,potato
2,firefighters,firefighter
22,cufflinks,cufflink
2,anecdotes,anecdote
2,debs,-2
9,pancakes,pancake
14,laboratories,laboratory
6,tildes,tilde
5,muslims,muslim
9,identities,identity
7,deliveries,delivery
1,polyps,polyp
1,runnings,running
5,carts,cart
16,salaries,salary
18,strata,stratum
4,qis,-2
248,aliases,alias
3,tropes,trope
77,criteria,criterion
1,hives,hive
4,penguins,penguin
6,pills,pill
4,vesicles,vesicle
1,huas,hua
3,falsehoods,falsehood
4,ys,-2
1,quadratics,quadratic
1,cicadas,cicada
1430,less,-2
20,mss,-2
2,mains,main
4,dependences,dependence
3,kinases,kinase
1,synapses,synapsis
2,combos,combo
1,demons,demon
1,entropies,entropy
3,offenders,offender
2,pitches,pitch
1,dictations,dictation
1,anteaters,anteater
2,senders,sender
51,apcs,-2
12,prescriptions,prescription
54,indexes,index
1,bongos,bongo
1,handbooks,handbook
9,recipients,recipient
14,macaroons,macaroon
1,fdas,-2
1,gats,-2
1,estates,estate
2,painkillers,painkiller
1,frauds,fraud
4,confirmations,confirmation
2,bows,bow
1,staters,stater
1,logograms,logogram
1,rifles,rifle
1,synchronizations,synchronization
9,breweries,brewery
18,mvs,-2
3,soss,-2
3,debtors,debtor
1,eases,-2
6,replies,reply
1,initiatives,initiative
1,umlauts,umlaut
2,marauders,marauder
6,touches,touch
1,nocss,-2
2,assemblers,assembler
1,bellwethers,bellwether
7,textiles,textile
1,pross,-2
2,justifications,justification
2,turbines,turbine
1,corps,corp
1,organs,organ
3,perspectives,perspective
1,lineages,lineage
1,corticosteroids,corticosteroid
29,johns,john
13,uncertainties,uncertainty
2,johnnys,johnny
1,utensils,utensil
2,wvs,-2
45,sds,-2
3,screws,screw
1,tots,-2
87,nips,-2
1,clusterings,clustering
2,enterprises,enterprise
1,prognostics,prognostic
12,charities,charity
16,goes,go
2,informers,informer
1,petrels,petrel
2,crimes,crime
3,ashes,ash
1,utilitiess,utility
873,tetris,tetri
2,dares,dare
2,divergences,divergence
5,propagators,propagator
1,coverts,covert
15,bankers,banker
3,pis,-2
146,crates,crate
1,birdbrains,birdbrain
2,hexagons,hexagon
4,dwarves,dwarf
1,historians,historian
2,etas,-2
33,viruses,virus
3,absences,absence
1,isometries,isometry
1,moles,mole
4,pals,-2
176,species,specie
3,cans,can
1,alamos,alamo
1,rulings,ruling
1,birthmarks,birthmark
1,handlings,handling
4,founders,founder
4,glitches,glitch
6,lins,-2
1,weeklies,weekly
6,xcs,-2
1,residues,residue
3,deposits,deposit
1,steppers,stepper
1,coauthors,coauthor
9,files,file
1,clowns,clown
17,fila,filum
1,intangibles,intangible
1,alloys,alloy
2,specializations,specialization
2,copulae,copula
1,pollinators,pollinator
1,accs,-2
55,sos,-2
1,devoirs,devoir
1,preachers,preacher
2,tees,tee
3,jehovahs,jehovah
1,storms,storm
1,qats,qat
7,freshers,fresher
1,staffers,staffer
3,fes,-2
2,mutes,mute
1,gangs,gang
1,marines,marine
3,pathogens,pathogen
4,frees,free
1,barrios,barrio
7,observers,observer
1,cations,cation
1,hobos,hobo
3,tunes,tune
1,loanwords,loanword
1,lemmas,lemma
1,fris,-2
4,matthews,matthew
3,malls,mall
3,holders,holder
2,ssssss,-1
1,pluses,plus
4,legos,lego
2,articulations,articulation
2,plaques,plaque
5,dailies,daily
1,inspectors,inspector
7,glossaries,glossary
101,gcs,-2
1,chaps,chap
4,coss,-2
6,atlases,atlas
1,trampolines,trampoline
1,minis,mini
4,runways,runway
2,modelss,model
1,rhetorics,rhetoric
2,teens,teen
3,plos,-2
2,poetries,poetry
5,fallacies,fallacy
12,cts,-2
7,quizes,quiz
1,yaps,yap
19,sss,-1
5,craps,crap
2,typhoons,typhoon
2,dsss,-2
2,skids,skid
1,raindrops,raindrop
3,pois,-2
7,eukaryotes,eukaryote
1,progresss,progress
6,grads,grad
7,writings,writing
1,thermocouples,thermocouple
2,pathologists,pathologist
1,endeavours,endeavour
4,enes,-2
4,surfers,surfer
1,salians,salian
1,davids,david
3,ceca,cecum
14,ivs,-2
1,recents,recent
1,glows,glow
1,bams,bam
5,approvals,approval
5,saccades,saccade
2,emitters,emitter
4,learnings,learning
3,cardinals,cardinal
1,firs,-2
1,mimics,mimic
3,elders,elder
1,gaits,gait
2,capacitors,capacitor
47,pms,-2
4,stresses,stress
1,propositions,proposition
3,aces,ace
1,toiletries,toiletry
4,matrics,matric
1,tributes,tribute
2,quotas,quota
1,boroughs,borough
44,trajectories,trajectory
4,waffles,waffle
7,springs,spring
120,ips,-2
1,sups,sup
13,eecs,eec
1,lsssss,-2
3,fixations,fixation
2,narratives,narrative
4,dragomans,dragoman
5,mrss,mrs
1,sorters,sorter
1,tabulations,tabulation
4,jacobs,jacob
3,attributions,attribution
34,mds,-2
3,mills,mill
2,fusions,fusion
4,virtus,virtu
4,aus,-2
2,orchestrators,orchestrator
5,adaptors,adaptor
1,substations,substation
1,sheaves,sheaf
3,charms,charm
2,humours,humour
2,idiosyncrasies,idiosyncrasy
156,technologies,technology
3,bins,bin
12,eas,-2
1,wards,ward
2,flasks,flask
1,males,male
4,amenities,amenity
3,arrivals,arrival
4,phonebooks,phonebook
3,hulls,hull
2,motorcycles,motorcycle
1,cravings,craving
2,voters,voter
2,magicians,magician
175,proxies,proxy
8,lifts,lift
3,distortions,distortion
1,alas,-2
1,cobalts,cobalt
23,noughts,nought
1,awnings,awning
3,deliverables,deliverable
2,interruptions,interruption
5,tears,tear
1,ftos,-2
3,weathers,weather
4,tornadoes,tornado
1,chops,chop
1,sailboats,sailboat
1,waterfalls,waterfall
4,hostels,hostel
1,xians,xian
1,edicts,edict
94,iaas,-2
1,nightclubs,nightclub
2,blips,blip
2126,rs,-2
2,brigades,brigade
2,headsets,headset
5,aerys,aery
2,passengers,passenger
1,authentications,authentication
1,mariners,mariner
1,adjunctions,adjunction
2,floppies,floppy
2,relatives,relative
1,smokers,smoker
99,ebs,-2
34,dps,-2
1,canucks,canuck
2,beachballs,beachball
1,cryptograms,cryptogram
5,hpss,-2
6,authenticators,authenticator
2,halves,half
4,polyglots,polyglot
1,pulses,pulse
4,moos,-2
1,malis,mali
1,baryons,baryon
3,tenses,tense
1,decs,dec
1,mews,mew
3,prospects,prospect
1,nocs,noc
2,journeys,journey
1,revolutions,revolution
1,similarities,similarity
2,craters,crater
1,turkeys,turkey
1,commandos,commando
6,fas,-2
23,crosses,cross
9,sprints,sprint
2,extrusions,extrusion
1,chamfers,chamfer
30,postcodes,postcode
4,meets,meet
13,vowels,vowel
1,sightings,sighting
4,lisps,lisp
10,norns,norn
44,jags,jag
8,defenders,defender
2,expletives,expletive
86,mrs,-2
1,campuses,campus
2,expansions,expansion
3,hamsters,hamster
56,cacti,cactus
6,palindromes,palindrome
2,rationals,rational
4,navigations,navigation
19,rgss,-2
4,hilos,hilo
2,snails,snail
1,regrets,regret
1,cigarettes,cigarette
1,slobs,slob
10,hydrocarbons,hydrocarbon
2,fictions,fiction
16,nws,-2
1,accelerometers,accelerometer
2,aphids,aphid
5,subdirectories,subdirectory
256,struts,strut
3,cultures,culture
3,suits,suit
2,boosters,booster
12,securities,security
3,combines,combine
2,aims,aim
1,farmss,farm
22,assemblies,assembly
3,relocations,relocation
1,chambers,chamber
1,fitters,fitter
1,seals,seal
1,lidars,lidar
1,femas,fema
6,lifetimes,lifetime
4,rebels,rebel
15,ras,-2
24,jats,jat
2,feasts,feast
1,conjunctions,conjunction
1,operands,operand
4,homeowners,homeowner
6,pearls,pearl
5,robbers,robber
1,crosswalks,crosswalk
3,tens,ten
1,gens,gen
1,tabis,tabi
1,imbalances,imbalance
46,pros,-2
7,hypotheses,hypothesis
1,intros,intro
13,dummies,dummy
2,medicines,medicine
1,grabbers,grabber
1,strawberries,strawberry
3,lizards,lizard
1,sacrifices,sacrifice
15,ees,-2
1,chisels,chisel
19,designers,designer
3,wrappings,wrapping
1,mounts,mount
431,strategies,strategy
1,rnss,-2
2,ducats,ducat
64,entries,entry
2,adders,adder
2,positives,positive
1,continua,continuum
538,pos,-2
2,lodes,lode
1,mussels,mussel
1,exponentials,exponential
33,onos,-2
1,sceptics,sceptic
1,fews,few
7,sandpiles,sandpile
1,amateurs,amateur
30,quantities,quantity
3,kas,-2
1,pears,pear
10,ars,-2
3,migrants,migrant
7,theses,thesis
3,prepositions,preposition
5,hfss,hf
39,galaxies,galaxy
1,hometowns,hometown
185,ics,-2
5,rustlings,rustling
3,exporters,exporter
2,radixes,radix
1,guardians,guardian
2,criminals,criminal
10,scsss,-2
1,sheds,shed
2,reagents,reagent
1,backdrops,backdrop
1,hunks,hunk
2,parables,parable
4,sirs,sir
1,mums,mum
14,nts,-2
1,pizzas,pizza
1,comedies,comedy
1,asci,ascus
1,franks,frank
2,foodies,foodie
1,flippers,flipper
9,ecss,-2
1,commissioners,commissioner
5,pss,-2
3,autobuses,autobus
5,spindles,spindle
8,vds,-2
1,catchers,catcher
2,exposures,exposure
1,commentaries,commentary
6,cops,cop
2,gratings,grating
3,bottlenecks,bottleneck
4,priorities,priority
3,cams,cam
1,iress,-2
13,werewolves,werewolf
3,implications,implication
1,pans,pan
1,wacs,wac
278,lms,-2
7,barriers,barrier
1,internets,internet
5,nanotubes,nanotube
2,boucles,boucle
2,collages,collage
1,discos,disco
3,infrastructures,infrastructure
1,cots,cot
4,gamess,game
1,meteoroids,meteoroid
5,squads,squad
6,retailers,retailer
3,knuckles,knuckle
2,astronauts,astronaut
1,mobiles,mobile
2,academies,academy
1,horizons,horizon
3,secs,sec
1,buds,bud
1,imps,imp
1,milia,milium
1,rns,-2
3,innovations,innovation
2,invitations,invitation
3,cossacks,cossack
11,shingles,shingle
3,potentiometers,potentiometer
2,oysters,oyster
1,octets,octet
2,fuels,fuel
1,compasses,compass
2,linkages,linkage
1,slurs,slur
56,ais,-2
1,postmortems,postmortem
1,solidi,solidus
1,prioritys,priority
3,bumps,bump
10,bags,bag
2,flakes,flake
4,senators,senator
729,ts,-2
2,paddles,paddle
1,longitudes,longitude
5,producers,producer
3,strikes,strike
7,trophies,trophy
2,veggies,veggie
6,billboards,billboard
1,rbs,-2
1,nvss,-2
2,paginations,pagination
1,bombers,bomber
210,ds,-2
2,aquatics,aquatic
1,inventions,invention
3,slashes,slash
2,hypernyms,hypernym
2,marquees,marquee
1,proctors,proctor
1,pips,pip
3,oars,oar
1,pickles,pickle
2,mangroves,mangrove
1,chimes,chime
1,shins,shin
42,ods,od
4,telomeres,telomere
1,warplanes,warplane
3,minuets,minuet
5,junkers,junker
1,lenders,lender
1,lodges,lodge
1,simpletons,simpleton
58,als,-2
8,elias,elia
2,precautions,precaution
3,conjectures,conjecture
8,fireflies,firefly
1,tendencies,tendency
5,illusions,illusion
1,oceans,ocean
1,jans,jan
3,truths,truth
1,ferrets,ferret
1,mbss,-2
1,quacks,quack
1,geckos,gecko
1,cloaks,cloak
1,throughputs,throughput
1,marss,mars
1,subfamilies,subfamily
2,deltas,delta
1,safaris,safari
7,disasters,disaster
1,aloes,aloe
1,distributors,distributor
1,zooms,zoom
1,baits,bait
2,tracts,tract
1,captures,capture
1,bickers,bicker
2,ultrasounds,ultrasound
1,loadings,loading
3,consultants,consultant
3,spoons,spoon
2,cutouts,cutout
1,pallets,pallet
1,rimes,rime
1,piggies,piggy
2,institutes,institute
7,matters,matter
1,administrations,administration
2,pickups,pickup
4,distractions,distraction
1,nukes,nuke
3,cols,col
4,synsets,synset
2,nass,na
24,airlines,airline
2,aggregators,aggregator
2,loudspeakers,loudspeaker
1,mangoes,mango
5,arrangements,arrangement
9,expresss,express
5,contractions,contraction
1,methods,method
1,moduli,modulus
1,elites,elite
2,remotes,remote
1,bonsais,bonsai
21,zenoss,zeno
2,ices,-2
1,angers,anger
83,ethics,ethic
2,colas,cola
1,chatters,chatter
6,equilibria,equilibrium
1,consortia,consortium
2,thinkings,thinking
1,blackflys,blackfly
9,iges,-2
5,trainers,trainer
2,developments,development
2,diners,diner
2,aerodromes,aerodrome
1,loos,-2
1,planetoids,planetoid
1,quadratures,quadrature
3,newbies,newbie
65,nus,-2
1,pions,pion
1,finger-rolls,finger-roll
9,ohs,-2
21,alps,alp
2,bestsellers,bestseller
2,rubies,ruby
5,drills,drill
2,testimonies,testimony
1,gathers,gather
1,durations,duration
43,dcs,-2
1,eproms,eprom
1,sandboxes,sandbox
1,enoughs,enough
1,frs,-2
1,miros,miro
1,quantifiers,quantifier
1,madmen,madman
149,hass,-2
2,beavers,beaver
1,dnas,dna
1,centralities,centrality
5,zs,-2
1,erases,-2
1,greeters,greeter
2,multiplications,multiplication
17,textbooks,textbook
2,protons,proton
6,tapas,tapa
3,guys,guy
1,comae,coma
1,subspaces,subspace
88,ccs,-2
1,waterbirds,waterbird
6,victims,victim
1,boyfriends,boyfriend
8,lemmings,lemming
1,predators,predator
1,bowties,bowtie
2,prefectures,prefecture
1,sponges,sponge
5,adoptions,adoption
3,causes,cause
1,suggesters,suggester
3,papyri,papyrus
17,tis,-2
1,terrains,terrain
6,serials,serial
1,heels,heel
2,ideographs,ideograph
1,colonels,colonel
1,hips,hip
3,feds,fed
1,terraces,terrace
9,nbs,-2
1,nihs,nih
23,families,family
1,helicopters,helicopter
5,inequalities,inequality
4,clippers,clipper
3,optimisations,optimisation
5,frogs,frog
1,sprits,sprit
1,meronyms,meronym
15,complications,complication
6,twos,two
2,chines,chine
1,howards,howard
1,knives,knife
5,protists,protist
1,wires,wire
2,painters,painter
1,inflators,inflator
1,printings,printing
2,magnitudes,magnitude
8,ces,-2
3,pops,pop
5,cupcakes,cupcake
89,cis,-2
12,mons,mon
3,kilometers,kilometer
25,factories,factory
3,tariffs,tariff
4,simples,simple
4,supplements,supplement
2,equalizers,equalizer
1,aeons,aeon
1,stockings,stocking
2,isns,-2
4,viewers,viewer
3,vows,vow
6,chemicals,chemical
450,cocos,coco
34,nps,-2
1,intellectuals,intellectual
8,folia,folium
1,reminiscences,reminiscence
1,nans,-2
2,skittles,skittle
1,sudokus,sudoku
2,pumpkins,pumpkin
5,contaminants,contaminant
1,descendents,descendent
1,observances,observance
5,volte,volta
4,electrons,electron
1,flaks,flak
4,gases,gas
4,bagpipes,bagpipe
2,constructs,construct
2,conges,conge
1,claymores,claymore
1,nies,-2
26,mice,mouse
5,liveries,livery
4,rugs,rug
2,buddies,buddy
1,trackballs,trackball
2,polyhedrons,polyhedron
46,tms,-2
1,filtrations,filtration
1,assess,ass
3,requisites,requisite
1,silverswords,silversword
2,limes,lime
2,explorers,explorer
1,navigators,navigator
1,dinoflagellates,dinoflagellate
10,lis,-2
3,toads,toad
7,reservations,reservation
1,grits,grit
1,synchronizers,synchronizer
14,documentaries,documentary
3,hugs,hug
1,finess,fine
6,libras,libra
2,lobbies,lobby
14,prefixes,prefix
3,spams,spam
5,impressions,impression
5,stairs,stair
3,urs,-2
7,tails,tail
13,acss,-2
3,invertebrates,invertebrate
1,invasions,invasion
1,cliffs,cliff
223,dictionaries,dictionary
3,cybernations,cybernation
2,librarians,librarian
1,consortiums,consortium
2,sams,sam
5,rgs,-2
1,diplomas,diploma
1,affinities,affinity
1,towels,towel
1,reefs,reef
1,anss,ans
5,sibs,sib
1,dawsons,dawson
9,sops,sop
1,spurs,spur
1,femora,femur
16,qss,-2
2,theorems,theorem
1,txs,-2
2,spirits,spirit
14,rems,rem
56,goss,-2
2,raccoons,raccoon
1,datums,datum
103,ladies,lady
1,heros,hero
73,mps,-2
3,theaters,theater
70,registries,registry
6,usages,usage
5,rivets,rivet
12,vaccines,vaccine
7,winners,winner
1,simplifications,simplification
1,squids,squid
15,affairs,affair
1,clamps,clamp
18,ags,-2
1,hessians,hessian
1,fosses,fosse
10,proceedings,proceeding
1,eves,-2
1,reserves,reserve
3,mutants,mutant
1,betas,beta
1,dries,dry
1,adherents,adherent
1,nationals,national
2,halos,halo
1,tents,tent
11,purposes,purpose
14,pts,-2
2,missiles,missile
72,patches,patch
1,divides,divide
1,spares,spare
1,powders,powder
2,presidents,president
1,deans,dean
3,meteorites,meteorite
1,ellipsoids,ellipsoid
4,renders,render
211,foss,-2
23,alumni,alumnus
1,hanks,hank
1,stitches,stitch
5,permits,permit
172,terraria,terrarium
1,barrages,barrage
31,summaries,summary
2,googles,google
2,handicrafts,handicraft
1,addenda,addendum
26,fts,-2
1,instrumentations,instrumentation
2,ravens,raven
157,mars,-2
1,light-years,light-year
1,recalls,recall
31,educators,educator
1,discs,disc
2,storylines,storyline
315,humanities,humanity
1,curtiss,curtis
2,idos,-2
2,petals,petal
1,facilitators,facilitator
3,firmwares,firmware
1,fulls,full
1,hedges,hedge
1,pennies,penny
9,lcms,-2
4,prisons,prison
1,fillings,filling
1,backers,backer
2,kinks,kink
18,enemies,enemy
5,boobs,boob
1,symposia,symposium
1,leases,lease
27,ris,-2
3,panes,pane
3,photons,photon
1,shortcomings,shortcoming
406,hls,-2
1,meats,meat
1,opals,opal
1,flashlights,flashlight
29,mas,-2
4,surrogates,surrogate
69,lets,let
1,idss,-2
14,sips,-2
3,tass,-2
5,bani,-2
28,tas,-2
5,graves,graf
1,recurrences,recurrence
4,festivities,festivity
14,corgis,corgi
5,yields,yield
2,accomplishments,accomplishment
5,masteries,mastery
3,vampires,vampire
3,synthetics,synthetic
4,puzzlers,puzzler
9,babies,baby
3,crawls,crawl
16,teaches,teach
1,gcss,-2
1,revocations,revocation
2,rejections,rejection
36,ovs,-2
1,skyboxes,skybox
1,bryophytes,bryophyte
11,lavas,lava
1,plasmas,plasma
1,mugshots,mugshot
4,sws,-2
1,grievances,grievance
28,prs,-2
8,turns,turn
1,critters,critter
7,carpi,carpus
6,dcss,-2
1,auxiliarys,auxiliary
2,slicers,slicer
2,hordes,horde
3,skulls,skull
9,churches,church
1,rumours,rumour
6,stuffs,stuff
2,estuaries,estuary
1,polysyllables,polysyllable
68,policies,policy
4405,pandas,panda
3,crayons,crayon
10,mts,-2
2,radioisotopes,radioisotope
5,outfits,outfit
2,grenades,grenade
1,epitopes,epitope
1,transporters,transporter
1,hopes,hope
1,diffusions,diffusion
2,bombs,bomb
1,assays,assay
2,progressions,progression
4,medians,median
7,dollars,dollar
24,searches,search
3,latinos,latino
7,sinks,sink
3,inss,-2
9,lire,lira
3,rants,rant
21,sabers,saber
5,cons,con
1,garis,gari
3,cartes,carte
4,ves,-2
173,nets,net
1,alcoholics,alcoholic
2,doublets,doublet
27,whoops,whoop
1,bess,-2
1,catchments,catchment
1,consoles,console
1,kelvins,kelvin
315,heroes,hero
1,snss,-2
2,woods,wood
2,millionaires,millionaire
1,tiddlers,tiddler
1,brainstorms,brainstorm
5,observatories,observatory
4,cubs,cub
1,lans,lan
1,bookworms,bookworm
1,endorsements,endorsement
1,pooches,pooch
1,fates,fate
5,andrews,andrew
1,runaways,runaway
2,heights,height
6,alis,ali
1,fundaments,fundament
1,keeps,keep
12,goldsmiths,goldsmith
1,trenches,trench
4,pharmacies,pharmacy
6,admissions,admission
3,itss,-2
12,speeches,speech
2,italics,italic
4,sounders,sounder
94,lfs,-2
31,kvs,-2
1,curls,curl
1,bloodlines,bloodline
10,isis,-2
1,applicants,applicant
23,fixes,fix
6,reptiles,reptile
1,rads,rad
26,mls,-2
1,vaccinations,vaccination
11,bpms,-2
1,assignations,assignation
1,dorms,dorm
14,entitlements,entitlement
1,introns,intron
1,songbooks,songbook
231,cities,city
27,argos,argo
1,responsibilities,responsibility
6,reductions,reduction
5,billionaires,billionaire
1,dips,dip
2,audiences,audience
1,quarterbacks,quarterback
181,kms,-2
1,thinks,think
2,defibrillators,defibrillator
1,koss,-2
1,utilitys,utility
2,condos,condo
1,minotaurs,minotaur
1,whos,who
1,genii,genius
1,presses,press
80,addresses,address
1,vents,vent
3,baubles,bauble
2,centres,centre
5,fingertips,fingertip
1,mycelia,mycelium
4,blanks,blank
1,thunderbirds,thunderbird
1,manatees,manatee
8,pronouns,pronoun
5,firearms,firearm
1,ncss,-2
3,cigars,cigar
1,garments,garment
1,wirings,wiring
4,flips,flip
1,windmills,windmill
1,fells,fell
1,nitrates,nitrate
1,canals,canal
1,minesweepers,minesweeper
11,chores,chore
1,consequences,consequence
3,eddies,eddy
34,bees,bee
1,abos,abo
1,domes,dome
4,gladiators,gladiator
4,diaries,diary
3,berries,berry
2,verifications,verification
7773,rails,rail
13,tes,-2
2,knows,know
1,lems,lem
1,resorts,resort
4823,scss,-2
16,das,-2
1,belts,belt
2,cleanups,cleanup
11,covers,cover
1,oats,-2
1,leanings,leaning
11,ladders,ladder
1,monopolies,monopoly
1,jewels,jewel
1,monoliths,monolith
40,avs,-2
1,salesmen,salesman
1,cbrs,cbr
2,governments,government
1,horizontals,horizontal
12,acts,act
2,balloons,balloon
1,alts,alt
1,overruns,overrun
1,argalis,argali
1,trims,trim
128,activities,activity
3,americas,america
2,witches,witch
4,bes,-2
5,abas,aba
5,bolts,bolt
3,symbologies,symbology
1,transponders,transponder
1,ssws,ssw
1,maxims,maxim
2,departments,department
8,radios,radio
1,pots,pot
5,threes,three
2,echoes,echo
7,vims,vim
1,dialectics,dialectic
1,advocates,advocate
3,gads,gad
2,orientations,orientation
2,plaits,plait
1,equinoxes,equinox
1,prosecutors,prosecutor
3,hires,hire
4,starships,starship
1,tuners,tuner
2,smears,smear
1,viaducts,viaduct
4,seniors,senior
2,tets,-2
6,chromatograms,chromatogram
1,patters,patter
1,crabs,crab
41,fisheries,fishery
1,mixers,mixer
2,spills,spill
2,damas,dama
1,featuress,feature
2,inquiries,inquiry
93,directories,directory
1,chances,chance
3,stms,stm
42,cvs,-2
2,caverns,cavern
1,accuracies,accuracy
1,cias,-2
2,shrinks,shrink
4,haircuts,haircut
1,coils,coil
3,rims,rim
1,woodlets,woodlet
1,favours,favour
1,spacings,spacing
2,pacts,pact
8,charades,charade
2,affiliations,affiliation
2,wages,wage
1,pigments,pigment
1,thirds,third
1,lsds,-2
1,yards,yard
7,bds,-2
1,folios,folio
1,martingales,martingale
3,danmarks,danmark
1,chinks,chink
1,punctuations,punctuation
10,deadlines,deadline
1,myths,myth
118,categories,category
1,hoteis,hotei
7,stages,stage
2,bolometers,bolometer
2,raises,raise
1,derivations,derivation
4,airfares,airfare
1,voles,vole
2,musings,musing
1,portraits,portrait
2,diets,diet
31,extras,extra
59,spectra,spectrum
3,soundings,sounding
1,stoppages,stoppage
1,cinemas,cinema
1,lpss,-2
1,infixes,infix
6,expenditures,expenditure
3,subsidies,subsidy
3,replacements,replacement
3,casinos,casino
1,passports,passport
2,widows,widow
1,zebus,zebu
3,diagonals,diagonal
1,t-shirts,t-shirt
3,sssss,-1
33,ceres,cere
211,stories,story
2,honeycombs,honeycomb
2,chatrooms,chatroom
2,cheers,cheer
1,reallocations,reallocation
1,dilemmas,dilemma
1,leaps,leap
2,practitioners,practitioner
1,actuaries,actuary
4,apartments,apartment
1,doughnuts,doughnut
1,airmen,airman
1,frontiers,frontier
1,outages,outage
1,trusses,truss
4,rotas,rota
2,inferences,inference
2,marketers,marketer
1,thompsons,thompson
1,pellets,pellet
1,dods,dod
2743,ros,-2
1,tarweeds,tarweed
3,peps,pep
3,wads,wad
5,tetrahedra,tetrahedron
1,fragrances,fragrance
1,roofs,roof
5,autosuggestions,autosuggestion
8,legislators,legislator
1,gops,gop
2,dichotomies,dichotomy
5,lots,lot
3,horoscopes,horoscope
5,otters,otter
1,jugs,jug
4,minoss,minos
4,sums,sum
11,appliances,appliance
2,remittances,remittance
1,littles,little
6,wombats,wombat
3,expos,expo
11,hymns,hymn
11,adams,adam
1,airdromes,airdrome
3,laps,lap
1,parachutes,parachute
1,arroyos,arroyo
3,barracks,barrack
2,finches,finch
2,boutiques,boutique
1,poolers,pooler
2,cantons,canton
2,pokeys,pokey
1,vocals,vocal
1,quanta,quantum
40,djs,dj
2,carbons,carbon
1,conics,conic
3,rams,ram
3,disposables,disposable
1,damages,damage
28,blobs,blob
384,leds,led
1,fens,fen
2,hawks,hawk
1,rios,rio
2,compliments,compliment
38,tcs,-2
3,tutors,tutor
1,mixings,mixing
6,artworks,artwork
1,fronts,front
1,discriminators,discriminator
1,kangaroos,kangaroo
7,gus,-2
5,alleles,allele
1,dunes,dune
1,sparks,spark
1,tombs,tomb
1,plages,plage
11,keynotes,keynote
55571,css,-2
6,deaths,death
21,filenames,filename
1,bellows,bellow
3,cims,cim
7,sensitivities,sensitivity
2,lxss,-2
5,drawers,drawer
5,sgs,-2
3,tunings,tuning
1,connectives,connective
2,pyramids,pyramid
283,repositories,repository
5,housemates,housemate
5,limitations,limitation
2,dendrites,dendrite
2,cdss,-2
1,exons,exon
1,trekkers,trekker
4,idols,idol
1,flutters,flutter
1,fishermen,fisherman
4,preambles,preamble
51,cds,-2
1,byes,bye
3,gdps,-2
1,rothschilds,rothschild
360,nes,-2
2,kies,-2
2,nothings,nothing
2,calamities,calamity
1,manns,mann
1,mags,mag
1,counterparts,counterpart
2,cabs,cab
1,glints,glint
11,huds,hud
2,woolworths,woolworth
3,tvs,-2
2,directors,director
1,fashions,fashion
1,fittings,fitting
2,genealogies,genealogy
11,factorials,factorial
68,nhs,-2
2,isaacs,isaac
2,russ,rus
1,newts,newt
1,wimps,wimp
9,elytra,elytron
4,bonuses,bonus
2,hieroglyphics,hieroglyphic
2,supervisors,supervisor
1,chillies,chilli
3,tulips,tulip
10,batches,batch
1,cloths,cloth
2,corsairs,corsair
4,savers,saver
3,yachts,yacht
1,mots,mot
2,yankees,yankee
4,cass,-2
1,commas,comma
2,gravestones,gravestone
4,histories,history
2,civilisations,civilisation
3,collectibles,collectible
1,dislikes,dislike
1,assemblys,assembly
2,bathtubs,bathtub
23,octopi,octopus
7,flicks,flick
1,cyphers,cypher
1,streetlights,streetlight
1,toms,tom
1,hyphae,hypha
2,anas,-2
3,lags,-2
1,erratums,erratum
3,billions,billion
32,ess,-2
2,traversals,traversal
3,graphemes,grapheme
4,whiskers,whisker
1,robberies,robbery
3,oses,-2
4,interests,interest
3,reals,real
2,languages,language
2,atms,atm
3,separators,separator
4,professions,profession
3,americans,american
1,spits,spit
4,blocs,-2
2,gals,-2
7,statuses,status
1,gums,gum
6,consonants,consonant
3,medications,medication
38,boss,-2
1,communicators,communicator
17,tacos,taco
1,unknowns,unknown
1,singularities,singularity
1,glycoproteins,glycoprotein
1,glazes,glaze
3,roma,-2
1,scots,-2
3,auditoria,auditorium
1,gigabytes,gigabyte
2,centra,centrum
3,murals,mural
1,leftovers,leftover
5,pumps,pump
1,washers,washer
1,bugless,bugle
1,fogs,fog
2,occultations,occultation
1,leafs,leaf
6,soldiers,soldier
1,invocations,invocation
1,primuss,primus
1,sweepers,sweeper
2,eels,-2
9,allergies,allergy
1,miracles,miracle
1,openss,open
5,hieroglyphs,hieroglyph
2,mosques,mosque
2,wristbands,wristband
3,pids,pid
5508,cms,-2
4,antipodes,antipode
2,locusts,locust
5,solitons,soliton
1,rescripts,rescript
2,airways,airway
1,cheerios,cheerio
22,crashes,crash
16,mitochondria,mitochondrion
1,contrasts,contrast
11766,es,-2
2,pantries,pantry
1798,utilities,utility
5,krs,-2
1,gass,gas
4,competitors,competitor
5,descendants,descendant
3,ministries,ministry
3,singletons,singleton
3,anniversaries,anniversary
2,committees,committee
1,volts,volt
6,watchmen,watchman
8,odes,ode
6,ions,ion
2,tastes,taste
27,politicians,politician
1,cowboys,cowboy
3,tints,tint
1,diphthongs,diphthong
17,nis,-2
9,testers,tester
1,piles,pile
1,sprays,spray
3,ors,-2
5,attorneys,attorney
1,bollards,bollard
3,boys,boy
1,puts,put
4,jaws,jaw
1,refrigerators,refrigerator
1,elasmobranchs,elasmobranch
33,skys,sky
29,ews,-2
3,seedlings,seedling
1,deciles,decile
2,nightmares,nightmare
1,ires,-2
5,duties,duty
3,balances,balance
24,qs,-2
19,dkms,dkm
1,jabs,jab
1,blurbs,blurb
19,counties,county
4,lhs,-2
1,lifeguards,lifeguard
2,hounds,hound
18,attractions,attraction
1,concentrations,concentration
1,fertilizers,fertilizer
1,magis,magi
1,midshipmen,midshipman
3,fermions,fermion
1,pockets,pocket
1,shoulders,shoulder
31,draughts,draught
10,tourists,tourist
5,bws,-2
1,koalas,koala
1,soaps,soap
6,says,say
1,wheelchairs,wheelchair
1,legumes,legume
1,formalizations,formalization
8,knots,knot
3,duplications,duplication
3,scrappers,scrapper
1,tremors,tremor
10,adagios,adagio
10,bibliographies,bibliography
1,condensates,condensate
25,launches,launch
1,colliders,collider
1,blends,blend
1,motes,mote
1,disassemblies,disassembly
2,compss,comp
10,errata,erratum
12,promotions,promotion
1,mementos,memento
1,roosters,rooster
4,prints,print
3,genders,gender
1,grandchildren,grandchild
2,thrusters,thruster
311,vs,-2
3,sectors,sector
1,aardvarks,aardvark
1,proxys,proxy
1,riss,-2
1,foreigners,foreigner
2,presents,present
1,quivers,quiver
1,innings,inning
2,torsions,torsion
1,spfs,-2
1,typewriters,typewriter
1,fads,fad
1,raspberries,raspberry
2,klines,kline
2,fossils,fossil
2,uks,-2
114,dds,-2
140,women,woman
9,fos,-2
1,zeros,zero
2,silhouettes,silhouette
1,traffics,traffic
2,termites,termite
1,gambits,gambit
5,primates,primate
1,heavens,heaven
2,treats,treat
2,cpus,cpu
1,thetas,theta
13,nuclei,nucleus
1,votings,voting
1,pollutants,pollutant
1,eighties,eighty
2,dolls,doll
3,insets,inset
21,ams,-2
9,nuts,-2
41,gds,-2
1,messagings,messaging
3,sides,side
6,injuries,injury
2,gaddis,gaddi
2,insiders,insider
84,vis,-2
2,integrators,integrator
1,mangers,manger
1,crowds,crowd
10,kansas,kansa
3,geese,goose
1,blockheads,blockhead
1,ateliers,atelier
2,abms,abm
2,beeps,beep
2,gooseberries,gooseberry
3,restrooms,restroom
1,augs,aug
2,photographers,photographer
1,notaries,notary
102,drools,drool
2,flatmates,flatmate
1,quips,quip
1,arousals,arousal
507,queries,query
1,chirps,chirp
17,minima,minimum
1,limericks,limerick
1,ambulances,ambulance
4,remarks,remark
1,grapes,grape
6,officials,official
1,carcasses,carcass
2,promoters,promoter
1,fingerings,fingering
3,furnitures,furniture
1,sceneries,scenery
2,brakes,brake
1,zits,-2
1,disparities,disparity
5,adverts,advert
6,agones,agon
1,gyms,gym
1,admonitions,admonition
417,sns,-2
3,tits,-2
1,greyhounds,greyhound
1,wrists,wrist
2,deficiencies,deficiency
1,fantasies,fantasy
2,lands,land
7,tufts,tuft
1,decoys,decoy
1,slangs,slang
1,faubourgs,faubourg
2,fathers,father
14,ponies,pony
2,scams,scam
27,polyhedra,polyhedron
1,feet,foot
1,multiplicities,multiplicity
1,quakers,quaker
10,fms,-2
2,monthlies,monthly
3,wands,wand
3,estimations,estimation
4,microscopes,microscope
1,tams,-2
2,arteries,artery
9,etfs,-2
7,binds,bind
7,hops,hop
31,agencies,agency
47,tries,try
1,cukes,cuke
2,alligators,alligator
39,municipalities,municipality
1,covens,coven
2,memoirs,memoir
2,slackers,slacker
31,vocabularies,vocabulary
241,entities,entity
4,nuggets,nugget
2,idas,-2
6,soli,-2
1,ngss,ng
2,decss,dec
5,htmls,html
1,specialties,specialty
1,spreads,spread
3,passes,pass
4,streaks,streak
3,mergers,merger
8,nrcs,-2
3,quarks,quark
2,cpas,cpa
1,kebabs,kebab
6,filings,filing
1,afterthoughts,afterthought
403,ws,-2
1,scars,scar
1,logarithms,logarithm
2,pests,pest
3,possibilities,possibility
1,scaffolds,scaffold
3,bangs,bang
3,postcards,postcard
1,chicks,chick
10,tideways,tideway
1,cheaters,cheater
1,implements,implement
1,cheeseburgers,cheeseburger
5,reporters,reporter
1,percentages,percentage
1,falcons,falcon
2,mainframes,mainframe
3,zns,-2
1,contraptions,contraption
5,wails,wail
3,majors,major
1,kuis,kui
5,casks,cask
3,fss,-2
161,jss,-2
4,gags,gag
2,guitars,guitar
8,suffixes,suffix
2,mavericks,maverick
13,ora,os
1,resonators,resonator
2,geographies,geography
30,ova,ovum
1,donjons,donjon
20,ipvs,ipv
6,dices,dice
21,equities,equity
17,ares,are
1,researches,research
2,gherkins,gherkin
419,dos,do
2,shocks,shock
6,reeds,reed
2,charges,charge
4,accordions,accordion
2,shopkeepers,shopkeeper
11,brushes,brush
1,mesons,meson
2,pharmacists,pharmacist
1,yrs,-2
1,spotters,spotter
10,hans,han
3,sloths,sloth
3,shenanigans,shenanigan
2,goosebumps,goosebump
1,cryptogams,cryptogam
1,jays,jay
1,shorteners,shortener
1,advancements,advancement
1,breakouts,breakout
1,emulations,emulation
25,res,-2
1,mscs,msc
2,desserts,dessert
206,invaders,invader
2,ledgers,ledger
1,informations,information
2,vials,vial
2,fifths,fifth
1,conducts,conduct
31,adas,ada
3,scaffoldings,scaffolding
1,screeners,screener
1,chesss,chess
5,cbcs,cbc
6,athletes,athlete
57,ins,-2
3,overlaps,overlap
10,terminologies,terminology
4,banknotes,banknote
2,leukocytes,leukocyte
1,limiteds,limited
1,inns,-2
415,tts,tt
1,mixes,mix
2,eds,-2
1,fountains,fountain
2,increases,increase
1,blunders,blunder
5,considerations,consideration
6,ngos,ngo
2,rutas,ruta
1,formalisms,formalism
2,tosses,toss
2,datas,data
12,uts,-2
5,pays,pay
1,couples,couple
1,economys,economy
3,allies,ally
1,overlords,overlord
1,stallions,stallion
1,troops,troop
8,neutrons,neutron
1,whistles,whistle
13,refs,ref
51,bms,-2
1,attoseconds,attosecond
9,fares,fare
1,puffs,puff
1,taxiways,taxiway
2,lineups,lineup
1,trads,trad
2,pits,pit
5,skies,sky
1,costumers,costumer
1,moms,mom
287,boxes,box
2,beds,bed
3,couplings,coupling
7,wbs,-2
2,mlss,-2
1,puppets,puppet
2,inlets,inlet
1,handclaps,handclap
1,antidos,antido
657,oss,-2
4,aircrafts,aircraft
1,youngs,young
3,antibodies,antibody
6,yams,-2
1,greys,grey
2,chitchats,chitchat
5,cyclists,cyclist
6,carbohydrates,carbohydrate
3,seashells,seashell
2,intakes,intake
1,oils,oil
4,provisioners,provisioner
2,throws,throw
1,macrophages,macrophage
4,sweets,sweet
5,tires,tire
224,gaps,gap
6,pus,-2
2,prizes,prize
1,blasts,blast
1,modulations,modulation
6,temps,temp
1,mongooses,mongoose
169,bbs,-2
1,launchpads,launchpad
137,children,child
9,discuss,discus
5,occupations,occupation
2,pensions,pension
2,continuos,continuo
1,flyers,flyer
1,hurts,hurt
4,treatments,treatment
1,misuses,misuse
3,explorations,exploration
2,pounds,pound
1,rois,-2
7,parsons,parson
2,shits,shit
481,dependencies,dependency
1,elks,-2
1,vets,-2
4,cleaners,cleaner
2,casts,cast
21,abs,-2
3,interpolations,interpolation
3,varieties,variety
1,produces,produce
2,noises,noise
6,adults,adult
4,cros,-2
1,giggles,giggle
3,corruptions,corruption
3,evolutions,evolution
1,enrollments,enrollment
1,gateaux,gateau
1,raws,raw
4,bunnies,bunny
1,sonatas,sonata
3,microtubules,microtubule
34,kos,-2
20,mis,-2
1,pantos,panto
4,mibs,mib
4,shippers,shipper
2,localities,locality
2,jumps,jump
2,renters,renter
1,adps,-2
2,cavaliers,cavalier
1,compressors,compressor
15,gbs,-2
1,forenames,forename
4,guessers,guesser
7,abilities,ability
20,commodities,commodity
1,ufos,ufo
3,limbs,limb
5,realtors,realtor
1,keyness,keynes
6,blues,blue
1,watchdogs,watchdog
4,sprouts,sprout
1,acmes,acme
1,remises,remise
1,snitches,snitch
1,studys,study
2,taunts,taunt
2,kicks,kick
3,buys,buy
1,provisions,provision
1,tori,torus
2,mbds,mbd
59,ass,-2
3,mismatches,mismatch
1,liens,lien
1,matrixes,matrix
3,lips,lip
3,blizzards,blizzard
4,mailers,mailer
1,badgers,badger
2,tidbits,tidbit
3,compartments,compartment
2,catalogues,catalogue
1,dominations,domination
5,morals,moral
232,ses,-2
1,contestants,contestant
1,ppps,-2
6,discoveries,discovery
3,supers,super
22,tbs,-2
1,serums,serum
4,aurorae,aurora
5,seizures,seizure
7,taxa,taxon
86,dms,-2
1,trms,-2
1,slips,-2
4,officers,officer
17,memories,memory
1,dealings,dealing
20,loci,locus
1,immigrants,immigrant
1,projectors,projector
1,pows,pow
1,coles,cole
1,tryouts,tryout
4,nudes,nude
1,sequins,sequin
3,traders,trader
1,takeaways,takeaway
2,brs,-2
21,timelines,timeline
2,lords,lord
2,takeovers,takeover
11248,windows,window
2,freaks,freak
1,opiates,opiate
1,attitudes,attitude
2,membranes,membrane
1,slums,slum
1,foundries,foundry
24,crs,-2
1,gatts,gatt
2,difficulties,difficulty
2,servings,serving
1,curates,curate
4,rhythms,rhythm
2,scarps,scarp
1,minuses,minus
3,dudes,dude
1,transposes,transpose
3,amazonses,amazon
2,ferias,feria
6,fess,fes
4,ends,end
96,gms,-2
145,orbs,-2
1,creeps,creep
4,persons,person
2,tines,tine
4,coaches,coach
3,rigs,-2
2,sunspots,sunspot
1,offenses,offense
1,treads,tread
15,ganglia,ganglion
7,belugas,beluga
14,losses,loss
9,morphologies,morphology
23,ucas,-2
2,gnps,-2
38,parties,party
2,opticians,optician
2,gutters,gutter
3,ordinances,ordinance
1,mits,mit
5,rodents,rodent
6,potions,potion
2,claps,clap
2,experimentations,experimentation
1,gyros,gyro
2,hoops,hoop
1,tentacles,tentacle
6,chronologies,chronology
3,frills,frill
1,entrees,entree
1,tolerations,toleration
13,cgss,-2
1,composers,composer
1,kilograms,kilogram
1,restraints,restraint
3,objectives,objective
2,nematodes,nematode
13,feelings,feeling
1,jurisdictions,jurisdiction
4,minutiae,minutia
3,ohms,ohm
38,nss,-2
6,hats,hat
1,disclaimers,disclaimer
4,moons,moon
189,nas,-2
1,shoppers,shopper
2,premises,premise
1,pomps,pomp
5,idfs,-2
1,eulers,euler
3,finals,final
70,ers,-2
113,switches,switch
3,splitters,splitter
1,mimes,mime
2,annotators,annotator
2,seaports,seaport
1,arcades,arcade
1,arthropods,arthropod
1,thesauri,thesaurus
1,phylogenies,phylogeny
11,petitions,petition
1,roses,rose
3,infusions,infusion
1,uns,-2
1,couplers,coupler
1,lullabies,lullaby
1,lexemes,lexeme
2,rvs,-2
1,mbs,-2
1,healers,healer
5,acknowledgments,acknowledgment
3,rounds,round
2,livelihoods,livelihood
3,twitters,twitter
1,bobs,bob
2,msts,mst
6,ies,-2
1,conformations,conformation
1,escapees,escapee
1,wasps,wasp
1,stomata,stoma
2,footers,footer
2,co-ordinates,co-ordinate
2,amounts,amount
14,mes,-2
1,duels,duel
1,illuminants,illuminant
72,ems,-2
38,ssas,-2
100,hashes,hash
5,astronomers,astronomer
1,snacks,snack
19,swatches,swatch
1,voids,void
1,fiddles,fiddle
8,senti,sent
2,signatories,signatory
1,editorials,editorial
4,cents,cent
3,dances,dance
1,amphibians,amphibian
3,tissues,tissue
1,showdowns,showdown
690,processes,process
28,pacs,-2
1,pockmarks,pockmark
2,suntans,suntan
4,isles,isle
1,chimps,chimp
4,agendas,agenda
1,specifics,specific
16,gs,-2
1,coups,coup
1,candies,candy
3,buyers,buyer
2,warps,warp
5,sandwiches,sandwich
1,splits,split
2,penalties,penalty
1,hazelnuts,hazelnut
1,spendings,spending
2,encounters,encounter
5,capitals,capital
6,bosses,boss
1,equalities,equality
1,defoliators,defoliator
3,sats,sat
1,leis,lei
2,inmates,inmate
2,ecosystems,ecosystem
14,supernovae,supernova
1,evasions,evasion
15,reids,reid
2,pedals,pedal
2,champs,champ
3,antennae,antenna
2,handshakes,handshake
1,salts,salt
2,goos,goo
11,antibiotics,antibiotic
1,amendments,amendment
43,las,-2
4,fines,fine
1,cherries,cherry
1,takeouts,takeout
5,gpss,gps
14,les,-2
1,abundances,abundance
1,venas,vena
1,specialisations,specialisation
2,grips,grip
2,visibilities,visibility
1,tsunamis,tsunami
976,tls,-2
2,pythons,python
5,businesses,business
4,velociraptors,velociraptor
1,afps,afp
5,compressions,compression
191,iis,-2
1,curies,curie
1,tweezers,tweezer
1,shanks,shank
1,skateboards,skateboard
49,ats,-2
1,plannings,planning
3,obstructions,obstruction
1,ths,-2
1,creams,cream
1,croissants,croissant
18,wishes,wish
2,braids,braid
7,umass,uma
1,floras,flora
5,webmasters,webmaster
858,ecs,-2
28,bonds,bond
1,bearss,bear
1,dodgers,dodger
1,electors,elector
1,foxss,fox
1,ditas,dita
10,territories,territory
1,poles,pole
3,productions,production
1,waddles,waddle
7,caves,cave
5,elevators,elevator
1,luaus,luau
6,dishes,dish
20,pas,-2
1,sprinkles,sprinkle
1,lagomorphs,lagomorph
4,awes,awe
6,rips,rip
2,medicaments,medicament
11,inventories,inventory
1,grimoires,grimoire
3,schemata,schema
167,ks,-2
1,sporks,spork
2,conjugations,conjugation
8,lice,louse
60,pbs,-2
1,normas,norma
6,thousands,thousand
1,masses,mass
1,utcs,-2
1,steams,steam
1,salinas,salina
5,hobbies,hobby
1,saplings,sapling
28,universities,university
2,critiques,critique
1,imos,-2
5,rhs,-2
1,taus,tau
1,needles,needle
2,ferns,fern
1,coria,corium
2,listenings,listening
1,guests,guest
3,perms,perm
1,injectors,injector
1,killings,killing
2,crackers,cracker
1,singers,singer
12,sugarss,sugar
1,spellers,speller
2,randomisations,randomisation
2,hotcakes,hotcake
2,seabirds,seabird
18,probabilities,probability
3,inspirations,inspiration
13,vacancies,vacancy
1,weavers,weaver
8,headshots,headshot
2,ress,-2
3,paraphrases,paraphrase
3,swords,sword
2,primos,primo
7,gluons,gluon
2,imputations,imputation
90,meshes,mesh
2,extrema,extremum
1,trolleys,trolley
7,copies,copy
7,pants,pant
17,clippings,clipping
1,codess,code
1,christians,christian
4,porters,porter
2,dads,dad
2,hormones,hormone
1,night-lights,night-light
3,comrades,comrade
55,matches,match
2,knapsacks,knapsack
1,depressions,depression
1,yellows,yellow
4,gos,go
2,nurses,nurse
729,automata,automaton
1,adventurers,adventurer
497,properties,property
3,biographies,biography
5,hurricanes,hurricane
1,respondents,respondent
2,melodies,melody
2,cruises,cruise
2,taals,taal
6,cilia,cilium
10,lps,-2
2,comps,comp
3,hitters,hitter
3,tiss,-2
1,watsons,watson
2,pastas,pasta
5,trumps,trump
2,peoples,people
2,perks,perk
1,classs,class
1,acquaintances,acquaintance
2,phantoms,phantom
1,waybills,waybill
3,minas,mina
22,lrs,-2
4,giants,giant
1,wools,wool
6,recruiters,recruiter
1,backpackers,backpacker
2,differentials,differential
3,finders,finder
2,positrons,positron
1,ventures,venture
2,altos,alto
6,neutrinos,neutrino
4,partnerships,partnership
2,competencies,competency
1,jeans,jean
4,apples,apple
1,anses,ans
2,muons,muon
27,vegas,vega
3,honors,honor
1,waters,water
1,backbones,backbone
2,kisses,kiss
3,tablatures,tablature
1,henchmen,henchman
9,bss,-2
1,eliminators,eliminator
1,collapses,collapse
1,bastards,bastard
8,tiers,tier
