14390,js,-2
12519,ios,-2
11743,css,-2
8668,analysis,-2
6313,aws,-2
6109,networks,network
5821,tools,tool
5599,windows,-2
5472,express,expres
5351,components,component
5152,reactjs,-2
5093,kubernetes,-2
5060,algorithms,algorithm
4696,rails,-2
4046,es,-2
3451,redis,-2
3421,keras,-2
3399,cms,-2
2796,rails,-2
2384,sass,-2
2351,cross,-2
2084,devops,-2
2075,graphics,graphic
1990,functions,function
1895,analytics,analytic
1815,structures,structure
1808,emacs,-2
1775,statistics,statistic
1706,maps,map
1685,examples,example
1637,notifications,notification
1601,forms,form
1547,metrics,metric
1495,rstats,-2
1392,dns,-2
1375,scss,-2
1364,ros,-2
1335,cocoapods,cocoapod
1306,events,event
1274,hooks,hook
1262,physics,physic
1237,contracts,contract
1236,process,-2
1230,notes,note
1182,containers,container
1158,os,-2
1154,pandas,-2
1139,series,-2
1100,news,-2
1096,patterns,pattern
1094,axios,-2
1079,cplusplus,-2
1077,icons,icon
1070,solutions,solution
1007,pages,page
979,methods,method
901,postgres,-2
895,snippets,snippet
880,docs,doc
877,requests,request
847,rss,-2
841,bindings,binding
837,sms,-2
816,charts,chart
797,streams,stream
787,gis,-2
764,access,-2
729,types,type
723,mathematics,mathematic
720,actions,action
709,rules,rule
694,dynamics,dynamic
689,utils,util
676,effects,effect
661,tls,-2
656,genomics,genomic
638,class,-2
615,elements,element
614,less,-2
606,tasks,task
591,things,thing
590,slides,slide
564,gps,-2
564,jobs,job
559,colors,color
559,stats,-2
555,trees,tree
551,ipfs,-2
536,embeddings,embedding
533,shaders,shader
526,annotations,annotation
521,fonts,font
517,aes,-2
516,photos,photo
514,ecs,-2
512,questions,question
511,practices,practice
510,logs,log
508,challenges,challenge
506,centos,-2
505,chess,-2
501,books,book
498,payments,payment
473,tags,tag
469,variables,variable
458,coroutines,coroutine
455,messages,message
448,bus,-2
447,settings,setting
428,samples,sample
424,devices,device
422,assets,asset
414,filters,filter
413,tabs,tab
410,macros,macro
384,attacks,attack
382,exercises,exercise
379,features,feature
375,products,product
375,numbers,number
361,s,-2
356,shadowsocks,-2
350,objects,object
345,links,link
345,plus,-2
344,movies,movie
341,permissions,permission
340,experiments,experiment
340,cards,card
339,labs,lab
338,collections,collection
335,students,student
334,decorators,decorator
332,apis,api
331,linguistics,linguistic
329,roles,role
327,sensors,sensor
325,faas,-2
323,sheets,sheet
321,addons,addon
320,hls,-2
318,oss,-2
317,helpers,helper
312,channels,channel
310,ads,ad
310,pos,-2
305,ts,-2
303,users,user
303,as,-2
301,eos,-2
300,migrations,migration
299,fields,field
298,flags,flag
296,sockets,socket
296,forensics,forensic
296,secrets,secret
293,widgets,widget
292,socks,sock
289,controls,control
289,workers,worker
289,reports,report
287,comments,comment
287,standards,standard
282,tweets,tweet
278,winforms,winform
277,ms,-2
272,certificates,certificate
268,rs,-2
267,promises,promise
267,calculus,calculu
264,principles,principle
264,equations,equation
262,shortcuts,shortcut
262,configs,config
262,words,word
260,strings,string
258,press,-2
258,tokens,token
258,developers,developer
258,buttons,button
255,issues,issue
254,tips,tip
254,papers,paper
253,vehicles,vehicle
252,hosts,host
252,skills,skill
251,cats,cat
251,tables,table
250,sports,sport
250,cs,-2
250,echarts,echart
242,subtitles,subtitle
242,keys,key
242,articles,article
239,arrays,array
235,styles,style
234,quotes,quote
233,xss,-2
233,documents,document
232,jetbrains,jetbrain
231,loss,-2
226,buffers,buffer
226,notebooks,notebook
224,tts,-2
223,mips,-2
223,mechanics,mechanic
223,curves,curve
221,sqs,-2
220,bookmarks,bookmark
220,lyrics,lyric
220,nes,-2
215,dos,-2
214,ejs,-2
214,ncurses,-2
214,particles,particle
213,mixins,-2
212,mass,-2
212,passwords,password
211,workflows,workflow
211,cocos,-2
211,fs,-2
209,assertions,assertion
208,characters,character
208,ws,-2
207,transitions,transition
206,errors,error
205,ports,port
204,props,prop
203,reviews,review
202,commons,common
198,ngs,-2
197,options,option
197,is,-2
197,talks,talk
196,exchanges,exchange
196,hdfs,-2
195,presentations,presentation
194,genetics,genetic
194,recipes,recipe
194,rates,rate
193,cors,-2
192,songs,song
191,actors,actor
190,sns,-2
190,diagrams,diagram
190,agents,agent
190,codeforces,codeforce
190,prices,price
190,groups,group
190,translations,translation
189,vsts,-2
189,transformations,transformation
187,stars,star
185,transactions,transaction
183,constraints,constraint
183,saas,-2
181,tiles,tile
181,urls,url
180,interviews,interview
180,blocks,block
180,labels,label
179,threads,thread
179,sprites,sprite
177,writeups,writeup
177,memes,meme
177,insights,insight
176,operations,operation
174,headers,header
174,conventions,convention
173,economics,economic
172,ingress,-2
171,simulations,simulation
171,stocks,stock
170,calculations,calculation
170,drivers,driver
170,emails,email
169,fps,-2
167,lights,light
167,fragments,fragment
166,units,unit
166,hacks,hack
166,cookies,cookie
164,ddos,-2
163,classes,classe
162,nats,-2
161,attributes,attribute
161,sequences,sequence
161,paas,-2
161,symbols,symbol
159,mods,mod
159,nexus,-2
159,ops,-2
159,domains,domain
156,programs,program
156,ps,-2
155,gans,-2
155,signatures,signature
154,sharedpreferences,sharedpreference
154,places,place
154,semantics,semantic
153,implementations,implementation
152,compilers,compiler
151,routes,route
151,comics,comic
150,futures,future
150,preferences,preference
150,lms,-2
148,combinators,combinator
148,neos,neo
148,signals,signal
148,cas,-2
147,exceptions,exception
147,cosmos,-2
146,variants,variant
144,boards,board
144,rds,-2
144,records,record
143,dapps,dapp
142,iris,-2
142,contacts,contact
141,gtfs,-2
141,packets,packet
141,ids,-2
140,scanners,scanner
139,views,view
139,brackets,bracket
139,optics,optic
138,sites,site
138,protocols,protocol
138,beginners,beginner
137,foss,-2
137,teams,team
136,credentials,credential
135,values,value
134,states,state
133,thumbnails,thumbnail
133,ks,-2
133,elections,election
133,parameters,parameter
132,toggles,toggle
132,kernels,kernel
132,environments,environment
131,leds,-2
130,curses,curse
129,philips,-2
129,dialogs,dialog
129,highcharts,highchart
129,browsers,browser
129,cars,car
128,sales,sale
127,conferences,conference
126,tricks,trick
126,apns,-2
125,measurements,measurement
125,updates,update
125,gas,ga
125,stylesheets,stylesheet
124,pass,-2
124,dbms,-2
124,courses,course
124,problems,problem
123,bytes,byte
123,metagenomics,metagenomic
123,guides,guide
122,gestures,gesture
122,vectors,vector
122,sets,set
121,flashcards,flashcard
121,benchmarks,benchmark
121,coordinates,coordinate
120,menus,menu
120,directives,directive
120,paths,path
119,tweaks,tweak
119,ddns,-2
119,backups,backup
117,vps,-2
117,kinematics,kinematic
116,dashboards,dashboard
116,ds,-2
116,alerts,alert
116,generics,generic
116,monads,-2
115,bbs,-2
115,waves,wave
115,diagnostics,diagnostic
115,emojis,emoji
114,measures,measure
113,hass,-2
113,ics,-2
113,kms,-2
113,drones,drone
112,nunjuck,nunjucks
112,logos,logo
112,pictures,picture
112,obs,-2
111,wemos,-2
111,names,name
111,basics,basic
109,vs,-2
109,whois,-2
109,operators,operator
109,dfs,-2
109,sessions,session
109,screenshots,screenshot
108,versions,version
108,phylogenetics,phylogenetic
107,gaps,-2
107,fixtures,fixture
106,meetups,meetup
106,changes,change
106,beats,beat
106,theos,-2
106,emulators,emulator
105,exploits,exploit
105,matrices,matrix
104,concepts,concept
104,cheatsheets,cheatsheet
104,playbooks,playbook
104,interfaces,interface
103,pipes,pipe
103,dates,date
103,schematics,schematic
102,ebooks,ebook
102,nas,-2
102,shows,show
102,torrents,torrent
101,alias,-2
101,ses,-2
101,references,reference
100,clusters,cluster
100,layouts,layout
100,indicators,indicator
100,bfs,-2
100,proteomics,-2
100,markers,marker
100,queues,queue
99,friends,friend
99,instruments,instrument
99,controllers,controller
99,chords,chord
99,schemes,scheme
99,answers,answer
98,competitions,competition
98,keywords,keyword
98,crates,-2
98,nets,-2
98,points,point
97,ss,-2
97,currencies,currency
96,mkdocs,mkdoc
96,feathers,feather
95,observables,observable
95,jms,-2
94,xls,-2
94,stickers,sticker
94,gifs,gif
94,instances,instance
94,iis,-2
94,eks,-2
93,bs,-2
92,layers,layer
92,gles,-2
92,nfs,-2
92,fractals,fractal
92,snapshots,snapshot
91,tickets,ticket
91,landmarks,landmark
91,compass,compas
91,definitions,definition
91,snes,-2
91,accounts,account
90,squares,square
90,aks,-2
90,formats,format
90,badges,badge
90,posts,post
89,providers,provider
89,maths,math
88,zfs,-2
87,biometrics,biometric
87,steps,step
87,volumes,volume
87,commits,commit
86,publications,publication
85,grids,grid
85,markets,market
85,rts,-2
84,calls,call
84,spaces,space
84,handlers,handler
84,gradients,gradient
84,kids,kid
84,jboss,jbos
83,wallpapers,wallpaper
83,requirements,requirement
83,circuits,circuit
83,sagas,saga
82,dcos,-2
82,jss,-2
81,shapes,shape
81,fundamentals,fundamental
81,lessons,lesson
81,podcasts,podcast
81,struts,-2
81,archives,archive
81,neighbors,neighbor
80,representations,representation
79,releases,release
79,arguments,argument
79,grails,grail
79,cookbooks,cookbook
79,sonos,sono
78,trends,trend
78,vcs,-2
78,checks,check
78,cljs,-2
77,interactions,interaction
77,tfs,-2
77,tachyons,tachyon
76,bugs,bug
76,blas,-2
76,hotkeys,hotkey
75,traits,trait
75,breadcrumbs,breadcrumb
75,forums,forum
74,sas,-2
74,plots,plot
73,bias,-2
72,assignments,assignment
72,stacks,stack
72,gwas,-2
72,hands,hand
72,mutations,mutation
72,ideas,idea
72,lenses,lense
72,plants,plant
72,ips,-2
72,endpoints,endpoint
71,pairs,pair
71,specs,spec
70,means,mean
70,dimensions,dimension
70,procedures,procedure
70,derivatives,derivative
70,nips,-2
70,holidays,holiday
70,selectors,selector
69,contributions,contribution
69,connections,connection
69,topics,topic
69,days,day
69,validations,validation
69,ls,-2
68,cos,-2
68,customelements,customelement
68,converts,convert
68,communications,communication
68,transformers,transformer
68,statements,statement
67,primitives,primitive
67,loaders,loader
67,cameras,camera
67,playgrounds,playground
67,integrations,integration
66,traces,trace
66,libs,-2
66,dds,-2
66,hackers,hacker
66,distributions,distribution
66,trans,-2
66,matchers,matcher
66,instructions,instruction
66,ratings,rating
65,pthreads,pthread
65,asus,-2
65,letters,letter
65,callbacks,callback
65,cryptocoins,cryptocoin
65,neurons,neuron
64,items,item
64,wms,-2
64,donations,donation
64,literals,literal
64,luis,-2
64,duplicates,duplicate
64,jokes,joke
63,metaheuristics,metaheuristic
63,conditions,condition
62,earthquakes,earthquake
62,inputs,input
62,epics,epic
62,bros,-2
62,bits,bit
62,ebs,-2
62,sts,-2
61,des,-2
61,intervals,interval
61,wars,war
61,grammars,grammar
61,ns,-2
61,schemas,schema
61,bios,-2
60,reducers,reducer
60,workspaces,workspace
60,cells,cell
60,gibbs,-2
60,lectures,lecture
60,payloads,payload
60,junos,-2
59,strips,strip
59,gms,-2
59,proposals,proposal
59,imports,import
59,gcs,-2
59,heuristics,heuristic
58,internals,internal
58,cis,-2
58,logistics,logistic
58,uploads,upload
58,namespaces,namespace
58,pods,pod
57,microfrontends,microfrontend
57,rights,right
57,this,-2
57,locations,location
57,columns,column
57,redirects,redirect
57,typings,typing
56,results,result
56,mars,-2
56,terms,term
56,regions,region
56,keyboards,keyboard
56,builds,build
56,sails,sail
56,smartcontracts,smartcontract
56,deployments,deployment
56,puzzles,puzzle
56,keypoints,keypoint
56,dogs,dog
55,validators,validator
55,hours,hour
55,licenses,license
55,mocks,mock
55,mcts,-2
55,organizations,organization
55,adapters,adapter
55,modals,modal
55,modes,mode
55,syscalls,syscall
55,fibers,fiber
55,citations,citation
55,dss,-2
54,displays,display
54,directions,direction
54,followers,follower
54,spreadsheets,spreadsheet
54,axis,-2
54,downloads,download
53,colours,colour
53,workshops,workshop
53,contributors,contributor
53,thermodynamics,thermodynamic
53,gates,gate
53,players,player
53,iaas,-2
53,gnss,-2
53,macadmins,macadmin
52,wxss,wxs
52,presets,preset
52,hs,-2
52,flows,flow
52,lfs,-2
52,hints,hint
52,iterators,iterator
52,faces,face
52,acoustics,acoustic
52,usgs,-2
51,osrs,-2
51,weights,weight
51,relationships,relationship
51,defaults,default
51,computations,computation
51,polynomials,polynomial
51,orbs,-2
51,pins,-2
51,details,detail
51,frames,frame
51,ins,-2
51,suggestions,suggestion
51,specifications,specification
51,animals,animal
50,ups,-2
50,neopixels,neopixel
50,hashids,hashid
50,keybindings,keybinding
50,hydrodynamics,hydrodynamic
50,legends,legend
50,vms,-2
50,feeds,feed
49,locks,lock
49,wallets,wallet
49,novels,novel
49,palettes,palette
49,deps,-2
49,teachers,teacher
49,vars,var
49,panels,panel
49,reacthooks,reacthook
48,spiders,spider
48,parts,part
48,iblocks,-2
48,edges,edge
48,rubiks,rubik
48,snips,snip
48,ontologies,obtology
48,oms,-2
48,us,-2
48,diseases,disease
48,cityscapes,cityscape
48,vis,-2
48,hangouts,hangout
48,aprs,apr
47,nerves,nerve
47,wgs,-2
47,quickbooks,quickbook
47,beacons,beacon
47,dots,dot
47,trains,train
47,orders,order
47,asteroids,asteroid
47,jws,-2
47,mdns,-2
47,completions,completion
47,splines,spline
47,manipulations,manipulation
46,folders,folder
46,loops,loop
46,analyses,analyse
46,invoices,invoice
46,paris,-2
46,identifiers,identifier
46,essentials,essential
46,startups,startup
46,colorschemes,colorscheme
46,synonyms,synonym
46,attachments,attachment
46,chains,chain
45,packs,pack
45,finances,finance
45,spinners,spinner
45,leaks,leak
45,behaviors,behavior
45,gems,gem
45,trials,trial
45,chapters,chapter
45,flatbuffers,flatbuffer
45,pixels,pixel
45,geos,geo
45,wps,-2
44,zombies,zombie
44,altcoins,altcoin
44,integers,integer
44,userstyles,userstyle
44,gogs,-2
44,recommendations,recommendation
44,speakers,speaker
44,proofs,proof
44,peripherals,peripheral
43,glyphs,glyph
43,neighbours,neighbour
43,expenses,expense
43,achievements,achievement
43,artists,artist
43,overlays,overlay
43,esports,esport
42,voxels,voxel
42,garrys,-2
42,glass,-2
42,floss,-2
42,kits,kit
42,ciphers,cipher
42,ers,-2
42,cases,case
42,sounds,sound
42,emoticons,emoticon
42,artifacts,artifact
42,pbs,-2
41,solaris,solari
41,apps,app
41,geonames,geoname
41,relations,relation
41,oops,oop
41,corners,corner
41,flights,flight
41,scans,scan
41,exams,exam
40,meetings,meeting
40,privileges,privilege
40,eyes,eye
40,tuples,tuple
40,signs,sign
40,reminders,reminder
40,ons,-2
40,siemens,siemen
40,captions,caption
40,empires,empire
40,episodes,episode
40,grass,gras
40,stubs,stub
40,mrs,-2
40,userdefaults,userdefault
39,cubes,cube
39,checkers,checker
39,ets,-2
39,genomes,genome
39,predictions,prediction
39,gists,gist
39,processors,processor
39,microcontrollers,microcontroller
39,ass,-2
38,aras,-2
38,figures,figure
38,claims,claim
38,coins,coin
38,srs,-2
38,humans,human
38,args,arg
38,micropayments,micropayment
38,scrolls,scroll
38,interpreters,interpreter
38,planets,planet
38,girls,girl
38,skins,skin
38,breakpoints,breakpoint
38,oas,-2
37,formulas,formula
37,shards,shard
37,mentions,mention
37,aspects,aspect
37,unicorns,unicorn
37,taxes,taxe
37,restaurants,restaurant
37,laws,law
37,mms,-2
37,acs,-2
37,tactics,tactic
37,files,file
37,sans,-2
37,phonetics,phonetic
37,xps,-2
37,ngrams,ngram
36,mps,-2
36,nsis,-2
36,limits,limit
36,excercises,excercise
36,snps,-2
36,factors,factor
36,manifests,manifest
36,members,member
36,scrapers,scraper
36,hackathons,hackathon
36,blueprints,blueprint
36,computers,computer
36,lets,-2
36,hyperparameters,hyperparameter
36,mindstorms,mindstorm
36,proteins,protein
35,hashtags,hashtag
35,cds,-2
35,trails,trail
35,gateways,gateway
35,bids,bid
35,vfs,-2
35,todos,todo
35,ems,-2
35,favorites,favorite
35,worlds,world
35,cups,cup
35,nds,-2
35,tus,-2
35,funds,fund
35,brokers,broker
34,fips,-2
34,pushnotifications,pushnotification
34,tfrecords,tfrecord
34,satellites,satellite
34,numerics,numeric
34,ods,-2
34,ats,-2
34,solvers,solver
34,pointers,pointer
34,hsts,-2
34,ais,-2
34,distances,distance
34,modis,modi
34,levels,level
34,photonics,photonic
34,tensors,tensor
34,dms,-2
34,ducks,duck
33,counts,count
33,patients,patient
33,avatars,avatar
33,surveys,survey
33,lts,-2
33,kinetics,kinetic
33,sds,-2
33,routines,routine
33,ides,-2
33,octicons,octicon
33,sys,-2
33,sections,section
33,ebuilds,ebuild
33,banks,bank
33,bass,-2
33,counters,counter
33,embeds,embed
33,contours,contour
33,segments,segment
33,ntfs,-2
33,ngxs,-2
32,middlewares,middleware
32,callbags,callbag
32,dpos,-2
32,koans,-2
32,exoplanets,exoplanet
32,goals,goal
32,replays,replay
32,hubs,hub
32,microformats,microformat
32,lims,-2
32,ranges,range
32,cmus,-2
32,locales,locale
32,scientists,scientist
32,responses,response
32,cgroups,cgroup
31,scenes,scene
31,nus,-2
31,programmers,programmer
31,calendars,calendar
31,cnns,cnn
31,ens,-2
31,works,work
31,tilesets,tileset
31,ncs,-2
31,keyframes,keyframe
31,thrones,throne
30,backgrounds,background
30,partials,partial
30,constants,constant
30,birds,bird
30,coupons,coupon
30,wheels,wheel
30,battlegrounds,battleground
30,heaps,heap
30,avs,-2
30,scales,scale
30,sentences,sentence
29,queens,queen
29,journals,journal
29,needs,need
29,wss,-2
29,reads,read
29,cycles,cycle
29,snarks,snark
29,minutes,minute
29,epigenetics,epigenetic
29,fans,fan
29,nms,-2
29,stations,station
29,dtls,-2
29,scissors,scissor
29,efs,-2
29,skos,-2
29,mos,-2
29,converters,converter
29,repos,repo
29,ensembles,ensemble
29,proptypes,proptype
29,cheats,cheat
29,wfs,-2
29,campaigns,campaign
28,params,param
28,albums,album
28,wcs,-2
28,tvshows,tvshow
28,subdomains,subdomain
28,transducers,transducer
28,drums,drum
28,classifiers,classifier
28,boletos,boleto
28,alogrithms,alogrithm
28,pets,pet
28,drives,drive
28,portals,portal
28,spools,spool
28,drawables,drawable
28,conflicts,conflict
27,optimizations,optimization
27,aesthetics,aesthetic
27,odds,-2
27,aerodynamics,aerodynamic
27,bms,-2
27,cmdlets,-2
27,electromagnetics,electromagnetic
27,synthesizers,synthesizer
27,tms,-2
27,genes,gene
27,experiences,experience
27,jedis,-2
27,rays,ray
27,cifs,-2
27,drugs,drug
27,incidents,incident
27,vagas,-2
27,printers,printer
27,transforms,transform
27,isochrones,isochrone
27,mbtiles,mbtile
27,formatters,formatter
27,emissions,emission
27,grabs,grab
26,iss,-2
26,interceptors,interceptor
26,techniques,technique
26,coefficients,coefficient
26,volunteers,volunteer
26,manpages,manpage
26,boids,boid
26,eigenvalues,eigenvalue
26,ftps,ftp
26,classnames,classname
26,pathways,pathway
26,meters,meter
26,encodings,encoding
26,thoughts,thought
26,linters,-2
26,geofences,geofence
26,eosjs,-2
26,popups,popup
26,gadgets,gadget
26,triggers,trigger
26,tracks,track
26,explanations,explanation
26,abstractions,abstraction
26,verbs,verb
26,warnings,warning
25,moocs,-2
25,servlets,servlet
25,makers,maker
25,bubbles,bubble
25,harmonics,harmonic
25,dps,-2
25,ccs,-2
25,goroutines,goroutine
25,alarms,alarm
25,yargs,yarg
25,ssis,-2
25,structs,-2
25,lucas,-2
25,intrinsics,intrinsic
25,ambisonics,ambisonic
25,rpgs,rpg
25,combinations,combination
25,wordembeddings,wordembedding
25,gds,-2
25,dts,-2
25,numerals,numeral
25,roots,root
25,gprs,-2
25,triples,triple
25,idioms,idiom
25,qubes,-2
25,trackers,tracker
25,conways,conway
25,careers,career
25,phenotypes,phenotype
25,bundles,bundle
24,connectors,connector
24,hbs,hb
24,receipts,receipt
24,usps,usp
24,workouts,workout
24,plans,plan
24,conversions,conversion
24,eigenfaces,-2
24,dcs,-2
24,xs,-2
24,surfaces,surface
24,indices,indice
24,bandits,bandit
24,success,succes
24,bats,bat
24,abbreviations,abbreviation
24,vbs,-2
24,las,-2
24,grams,gram
24,scenarios,scenario
24,polygons,polygon
24,pools,pool
24,lbs,-2
24,ligatures,ligature
24,rms,-2
24,memberships,membership
24,frontends,frontend
24,ingredients,ingredient
24,angles,angle
23,pms,-2
23,ovs,-2
23,adfs,-2
23,highlights,highlight
23,qos,-2
23,domotics,domotic
23,targets,target
23,gmaps,gmap
23,customizations,customization
23,shadows,shadow
23,associations,association
23,ibms,-2
23,radiuss,radius
23,institutions,institution
23,judges,judge
23,spss,-2
23,employees,employee
23,refugees,refugee
23,decisions,decision
23,footprints,footprint
23,returns,return
23,amigos,amigo
23,xamarinforms,xamarinform
23,hotels,hotel
23,boss,-2
23,prs,-2
23,scopes,scope
23,nights,night
23,superpixels,superpixel
23,schools,school
22,airports,airport
22,opcodes,opcode
22,shares,share
22,jags,-2
22,extras,-2
22,icns,-2
22,jpms,jpm
22,unions,union
22,equals,equal
22,powers,power
22,parks,park
22,milliseconds,millisecond
22,cogs,cog
22,barebones,barebone
22,headphones,headphone
22,recordings,recording
22,ucas,-2
22,pros,-2
22,closures,closure
22,chips,chip
22,detours,detour
22,nss,-2
22,convolutions,convolution
22,peptides,peptide
22,eps,-2
22,wmts,-2
22,fts,-2
22,beans,bean
22,investigations,investigation
22,fingerprints,fingerprint
22,caps,cap
22,bounds,bound
22,ergonomics,ergonomic
22,modifications,modification
22,playerunknowns,playerunknown
21,sizes,size
21,marks,mark
21,intents,intent
21,enums,enum
21,nebulas,nebula
21,sos,-2
21,rockets,rocket
21,forks,fork
21,installers,installer
21,offers,offer
21,waypoints,waypoint
21,cps,-2
21,citizens,citizen
21,sls,-2
21,qrs,-2
21,lumens,lumen
21,extentreports,extentreport
21,jails,jail
21,experts,expert
21,macroeconomics,macroeconomic
21,differences,difference
21,rows,row
21,qubits,qubit
21,starters,starter
21,authors,author
21,bfgs,-2
21,bones,bone
21,ssrs,-2
21,upgrades,upgrade
20,grades,grade
20,los,-2
20,katas,-2
20,contexts,context
20,schedules,schedule
20,multiformats,multiformat
20,predicates,predicate
20,miners,miner
20,spiffs,spiff
20,peerjs,peerj
20,concerns,concern
20,geometries,geometrie
20,polls,poll
20,rsps,-2
20,seconds,second
20,roms,rom
20,bars,bar
20,redes,rede
20,servers,server
20,keystrokes,keystroke
20,phylogenomics,phylogenomic
20,mws,-2
20,scons,-2
20,fis,-2
20,getters,getter
19,tds,-2
19,bands,band
19,begginers,begginer
19,interrupts,interrupt
19,areas,area
19,chunks,chunk
19,bls,-2
19,fns,-2
19,bulbs,bulb
19,quaternions,quaternion
19,credits,credit
19,movements,movement
19,encoders,encoder
19,cjs,-2
19,crawlers,crawler
19,rewards,reward
19,registers,register
19,meals,meal
19,variations,variation
19,algebras,algebra
19,kings,king
19,conversations,conversation
19,eros,-2
19,masters,master
19,banners,banner
19,haptics,haptic
19,sfs,-2
19,zones,zone
19,indels,indel
19,analyzers,analyzer
19,merchants,merchant
19,fluids,fluid
19,sneakers,sneaker
19,flavors,flavor
19,vss,-2
19,dragons,dragon
19,submissions,submission
18,querystrings,querystring
18,arms,arm
18,follows,follow
18,mcs,-2
18,docstrings,docstring
18,calories,calorie
18,golos,golo
18,cursors,cursor
18,fits,fit
18,decompositions,decomposition
18,dhis,-2
18,offsets,offset
18,colorspaces,colorspace
18,gpus,gpu
18,roads,road
18,adas,-2
18,newtons,newton
18,plates,plate
18,moves,move
18,spells,spell
18,admins,admin
18,heatmaps,heatmap
18,ibus,-2
18,simulators,simulator
18,monitors,monitor
18,audits,audit
18,wireframes,wireframe
18,foundations,foundation
18,disks,disk
18,freebies,freebie
18,prototypes,prototype
18,vas,-2
18,functors,functor
18,continuations,continuation
18,ahrs,ahr
18,externs,extern
18,umls,uml
18,toys,toy
18,sistemas,sistema
18,taghelpers,taghelper
18,colourspaces,colourspace
18,mirrors,mirror
18,rolls,roll
18,phones,phone
17,clauses,clause
17,stores,store
17,bitcoins,bitcoin
17,statefulsets,statefulset
17,als,-2
17,ucs,-2
17,ncats,ncat
17,simpsons,simpson
17,phonemes,phoneme
17,its,-2
17,slots,slot
17,districts,district
17,essays,essay
17,classics,classic
17,appointments,appointment
17,telecommunications,telecommunication
17,facts,fact
17,distros,distro
17,caas,-2
17,tanks,tank
17,ssas,-2
17,characteristics,characteristic
17,artboards,artboard
17,backdoors,backdoor
17,microbenchmarks,microbenchmark
17,learners,learner
17,diacritics,diacritic
17,paradigms,paradigm
17,psychometrics,psychometric
17,muses,-2
17,guards,guard
17,cws,cw
17,fusioncharts,fusionchart
17,mets,met
17,fcs,-2
17,lookups,lookup
17,translates,translate
17,actuators,actuator
17,infographics,infographic
17,jars,jar
17,spots,spot
17,hydroponics,hydroponic
17,buckets,bucket
17,masks,mask
17,alignments,alignment
17,statecharts,statechart
17,tps,-2
17,plays,play
17,aos,-2
17,relays,relay
17,coders,coder
17,beets,beet
17,atomics,atomic
17,wavelets,wavelet
17,weapons,weapon
16,hacs,-2
16,builders,builder
16,fuses,fuse
16,watchers,watcher
16,natives,native
16,molecules,molecule
16,manuals,manual
16,gns,-2
16,skys,-2
16,slices,slice
16,emis,-2
16,contents,content
16,firewalls,firewall
16,resolvers,resolver
16,apfs,-2
16,deals,deal
16,permutations,permutation
16,moss,mos
16,calculators,calculator
16,chronos,chrono
16,films,film
16,iocs,-2
16,habits,habit
16,bitmaps,bitmap
16,sponsors,sponsor
16,philippines,philippine
16,readers,reader
16,replicas,replica
16,backends,backend
16,transports,transport
16,clrs,-2
16,guis,gui
16,likes,like
16,uas,-2
16,posters,poster
16,milestones,milestone
16,ocs,-2
16,mistakes,mistake
16,gjs,-2
16,rooms,room
16,quests,quest
16,forests,forest
16,supports,support
16,provinces,province
16,bots,bot
16,advertisements,advertisement
16,delegates,delegate
16,vertices,vertex
16,motors,motor
16,mas,-2
16,discussions,discussion
16,rcs,-2
16,nonprofits,nonprofit
15,ians,-2
15,donors,donor
15,syllables,syllable
15,atoms,atom
15,brands,brand
15,comms,comm
15,cursos,curso
15,potentials,potential
15,yts,-2
15,ssms,-2
15,workstations,workstation
15,giveaways,giveaway
15,rankings,ranking
15,arjs,-2
15,patents,patent
15,costs,cost
15,vips,vip
15,tos,-2
15,symlinks,symlink
15,suites,suite
15,pirates,pirate
15,anchors,anchor
15,pls,-2
15,mls,-2
15,pdns,-2
15,rxpermissions,rxpermission
15,buildings,building
15,pentesters,pentester
15,slugs,slug
15,comparisons,comparison
15,eigenvectors,eigenvector
15,obfs,-2
15,peaks,peak
15,zksnarks,zksnark
15,awards,award
15,soundfonts,soundfont
15,acids,acid
15,lapis,lapi
15,divisions,division
15,mechanisms,mechanism
15,gams,gam
15,rfcs,rfc
15,optimizers,optimizer
15,mindmaps,mindmap
15,bulletproofs,bulletproof
15,arts,art
15,dis,di
15,emotes,emote
15,outliers,outlier
15,nps,-2
15,checklists,checklist
15,histograms,histogram
14,birthdays,birthday
14,eas,-2
14,kss,-2
14,jos,-2
14,pks,-2
14,reactos,reacto
14,facets,facet
14,installs,install
14,probes,probe
14,trainings,training
14,mentors,mentor
14,ipywidgets,ipywidget
14,moments,moment
14,mds,-2
14,studios,studio
14,hyperlinks,hyperlink
14,correlations,correlation
14,omnis,-2
14,xforms,xform
14,mvs,-2
14,vagrants,vagrant
14,ultisnips,ultisnip
14,rrs,-2
14,partitions,partition
14,scrollbars,scrollbar
14,tas,-2
14,sjs,-2
14,estimates,estimate
14,mangos,-2
14,professionals,professional
14,newcomers,newcomer
14,iterables,iterable
14,kvs,-2
14,cpps,cpp
14,lds,-2
14,souls,soul
14,lrs,-2
14,seeds,seed
14,parallels,parallel
14,bees,-2
14,sitemaps,sitemap
14,includes,include
14,mess,-2
14,eventhubs,eventhub
14,mockups,mockup
14,detectors,detector
14,wearables,wearable
14,shops,shop
14,prompts,prompt
14,pickers,picker
14,flowers,flower
14,clubs,club
14,avengers,avenger
14,joints,joint
14,choices,choice
14,partners,partner
14,diffs,diff
14,ews,-2
14,skeletons,skeleton
14,optionals,optional
14,maintainers,maintainer
14,addins,addin
14,commerces,commerce
14,pomdps,pomdp
14,geeks,geek
14,ols,-2
14,fireworks,firework
13,towers,tower
13,timestamps,timestamp
13,catalogs,catalog
13,aliens,alien
13,lcs,-2
13,tops,top
13,iconsets,iconset
13,cqs,-2
13,polyfills,polyfill
13,rdfs,rdf
13,threats,threat
13,zipcodes,zipcode
13,hfs,-2
13,noobs,noob
13,servos,-2
13,centers,center
13,ressources,resource
13,dialects,dialect
13,djs,-2
13,tubes,tube
13,ots,-2
13,haplotypes,haplotype
13,preconditions,precondition
13,violations,violation
13,gbs,-2
13,iframes,iframe
13,ras,-2
13,codecs,codec
13,qss,-2
13,rings,ring
13,cmis,-2
13,apriltags,apriltag
13,mns,-2
13,transfers,transfer
13,timings,timing
13,bibliometrics,bibliometric
13,circos,-2
13,xfs,-2
13,exports,export
13,argos,-2
13,drops,drop
13,positions,position
13,gtts,-2
13,services,service
13,hlds,-2
13,tess,-2
13,estados,estado
13,bricks,brick
13,customers,customer
13,subjects,subject
13,sims,-2
13,classifieds,classified
13,capsules,capsule
13,hydraulics,hydraulic
13,anagrams,anagram
13,philosophers,philosopher
13,votes,vote
13,mpls,-2
13,res,-2
13,ess,-2
13,announcements,announcement
13,epidemics,epidemic
13,dorks,dork
13,theories,theorie
13,spades,spade
13,newspapers,newspaper
13,observations,observation
13,museums,museum
13,pdfs,pdf
13,objetos,-2
13,consumers,consumer
13,borders,border
13,reactors,reactor
12,cvs,-2
12,runtimes,runtime
12,tars,tar
12,nations,nation
12,cocktails,cocktail
12,permalinks,permalink
12,has,-2
12,trojans,trojan
12,appsettings,appsetting
12,gs,-2
12,trs,-2
12,affiliates,affiliate
12,gtags,-2
12,nsuserdefaults,nsuserdefault
12,standardnotes,standardnote
12,seasons,season
12,emotions,emotion
12,cls,-2
12,footnotes,footnote
12,codesys,codesy
12,favicons,favicon
12,advisors,advisor
12,tws,-2
12,pacs,-2
12,brats,-2
12,veterans,veteran
12,clans,clan
12,pjs,-2
12,algoritmos,algoritmo
12,grains,grain
12,glyphicons,glyphicon
12,sps,-2
12,tbs,-2
12,codesnippets,codesnippet
12,oscillators,oscillator
12,sysops,-2
12,likelihoods,likelihood
12,dialogues,dialogue
12,abs,-2
12,sliders,slider
12,billiards,billiard
12,smells,smell
12,grants,grant
12,pas,-2
12,factions,faction
12,runners,runner
12,estimators,estimator
12,devs,dev
12,esolangs,esolang
12,bills,bill
12,phrases,phrase
12,inserts,insert
12,setters,setter
12,scholars,scholar
12,whitepapers,whitepaper
12,invariants,invariant
12,mappers,mapper
12,newsletters,newsletter
12,acknowledgements,acknowledgement
12,cuts,cut
12,ojs,-2
12,slds,-2
12,readings,reading
12,monorepos,monorepo
12,kos,-2
12,jis,-2
12,investments,investment
12,illustrations,illustration
12,titles,title
12,auctions,auction
11,initials,initial
11,photographs,photograph
11,reids,-2
11,ipns,-2
11,gfs,-2
11,bonds,-2
11,qs,-2
11,typefaces,typeface
11,faqs,faq
11,dygraphs,dygraph
11,investors,investor
11,biosignals,biosignal
11,logics,logic
11,blinds,blind
11,rnns,-2
11,exists,exist
11,ams,-2
11,rtls,-2
11,executables,executable
11,collisions,collision
11,miniprograms,miniprogram
11,heads,head
11,entrepreneurs,entrepreneur
11,decimals,decimal
11,wizards,wizard
11,savings,saving
11,vegas,-2
11,quotations,quotation
11,biojs,-2
11,failures,failure
11,subnets,subnet
11,edwards,edward
11,getopts,getopt
11,veins,vein
11,restarts,restart
11,projetos,-2
11,extracts,extract
11,cgss,-2
11,mails,mail
11,loans,loan
11,vins,-2
11,rapids,rapid
11,defects,defect
11,wsus,-2
11,cronjobs,cronjob
11,degrees,degree
11,pvs,-2
11,hits,hit
11,writers,writer
11,automations,automation
11,jscs,-2
11,complaints,complaint
11,oneliners,oneliner
11,collaborators,collaborator
11,mixtures,mixture
11,mazes,maze
11,restrictions,restriction
11,seats,seat
11,aros,-2
11,realms,realm
11,ants,ant
11,portfolios,portfolio
11,mojs,-2
11,primes,prime
11,doctors,doctor
11,decks,deck
11,homoglyphs,homoglyph
11,toasts,toast
11,slackbuilds,slackbuild
11,normals,normal
11,researchers,researcher
11,circles,circle
11,bitboards,bitboard
11,riddles,riddle
11,terminals,terminal
11,ims,-2
11,smiles,smile
11,sus,-2
11,screens,screen
11,accents,accent
11,qbs,-2
11,ares,-2
11,algorithims,algorithim
11,delays,delay
11,bigrams,bigram
11,kittens,kitten
11,shields,shield
11,goss,-2
11,hids,-2
11,blobs,-2
10,aggregations,aggregation
10,parkinsons,parkinson
10,dropdowns,dropdown
10,filepreviews,filepreview
10,xmss,-2
10,webs,web
10,regulations,regulation
10,mss,-2
10,nosetests,nosetest
10,thanks,thank
10,radicals,radical
10,applets,applet
10,internships,internship
10,enhancements,enhancement
10,extentions,extention
10,semaphores,semaphore
10,cuis,-2
10,headlines,headline
10,vies,-2
10,aps,-2
10,jts,-2
10,dumps,dump
10,generates,generate
10,forces,force
10,bookmarklets,bookmarklet
10,joins,join
10,prims,prim
10,cics,-2
10,trailers,trailer
10,spammers,spammer
10,motifs,motif
10,gotchas,gotcha
10,transients,transient
10,prefers,prefer
10,abiertos,abierto
10,liners,liner
10,traps,trap
10,hds,-2
10,attrs,attr
10,knights,knight
10,yes,-2
10,farmers,farmer
10,burrows,burrow
10,whats,what
10,manifolds,manifold
10,mems,mem
10,stargazers,stargazer
10,storages,storage
10,outdoors,outdoor
10,trades,trade
10,tries,-2
10,ecms,-2
10,preprints,preprint
10,otrs,-2
10,pexels,pexel
10,usernames,username
10,atis,-2
10,apcs,-2
10,emoncms,emoncm
10,previews,preview
10,typos,typo
10,topos,topo
10,animes,anime
10,nios,-2
10,topologies,topology
10,bikes,bike
10,tes,-2
10,empresas,empresa
10,fcos,-2
10,cidades,cidade
10,participants,participant
10,runes,rune
10,bos,-2
10,fools,fool
10,alps,-2
10,dungeons,dungeon
10,backports,backport
10,transits,transit
10,blacklists,blacklist
10,globals,global
10,puns,pun
10,avionics,avionic
10,substitutions,substitution
10,immutables,immutable
10,morphometrics,morphometric
10,lanes,lane
10,nekos,-2
10,clocks,clock
10,atmos,atmo
10,repeats,repeat
10,customviews,customview
10,vegetables,vegetable
10,carriers,carrier
10,cns,-2
10,crops,crop
10,plurals,plural
10,greens,green
10,jwks,jwk
10,opentimestamps,opentimestamp
10,mgrs,-2
10,uws,-2
10,resumes,resume
10,startpages,startpage
9,fires,fire
9,externals,external
9,lattices,lattice
9,visitors,visitor
9,ccsds,-2
9,brasileiros,brasileiro
9,accessors,accessor
9,generals,general
9,nos,-2
9,trigrams,trigram
9,ags,-2
9,certs,cert
9,storymaps,storymap
9,mis,-2
9,sips,-2
9,ribs,-2
9,crystals,crystal
9,metagenomes,metagenome
9,extenstions,extenstion
9,doubles,double
9,spies,spy
9,arrows,arrow
9,railways,railway
9,alzheimers,alzheimer
9,rgbds,-2
9,inspections,inspection
9,homeworks,homework
9,loggers,logger
9,ethers,ether
9,fints,-2
9,honeypots,honeypot
9,symptoms,symptom
9,spaceships,spaceship
9,reflections,reflection
9,vouchers,voucher
9,houses,house
9,droplets,droplet
9,exercices,exercice
9,darts,dart
9,serializers,serializer
9,rets,-2
9,diffutils,diffutil
9,strokes,stroke
9,attractors,attractor
9,nanoseconds,nanosecond
9,das,-2
9,buildpacks,buildpack
9,buzzwords,buzzword
9,selections,selection
9,bases,base
9,activists,activist
9,cores,core
9,guns,gun
9,pageviews,pageview
9,blockchains,blockchain
9,assessments,assessment
9,ranks,rank
9,fractions,fraction
9,dls,dl
9,rdfjs,rdfj
9,lovers,lover
9,pfs,-2
9,doors,door
9,boats,boat
9,leads,lead
9,byexamples,byexample
9,discounts,discount
9,walks,walk
9,leaderboards,leaderboard
9,drinks,drink
9,pcs,pc
9,amqps,amqp
9,collectors,collector
9,cows,cow
9,modifiers,modifier
9,isis,-2
9,sentiments,sentiment
9,trademarks,trademark
9,chats,chat
9,gauges,gauge
9,desktops,desktop
9,receivers,receiver
9,tunnels,tunnel
9,planners,planner
9,missions,mission
9,storybooks,storybook
9,customs,custom
9,ifs,-2
8,crons,cron
8,ibeacons,ibeacon
8,lagos,-2
8,practicas,practica
8,axes,axe
8,sis,-2
8,rems,-2
8,vistas,vista
8,ffs,-2
8,aulas,aula
8,braces,brace
8,practicals,practical
8,popovers,popover
8,rcos,-2
8,tacos,-2
8,artefacts,artefact
8,biomarkers,biomarker
8,placeholders,placeholder
8,balls,ball
8,pkgbuilds,pkgbuild
8,pdes,-2
8,orbits,orbit
8,practises,practise
8,enchantments,enchantment
8,rectangles,rectangle
8,screensavers,screensaver
8,whales,whale
8,extremes,extreme
8,notices,notice
8,corporations,corporation
8,lasers,laser
8,favourites,favourite
8,ris,-2
8,jks,-2
8,palestras,palestra
8,compras,compra
8,picons,picon
8,beers,beer
8,showtimes,showtime
8,healthchecks,healthcheck
8,mpos,-2
8,ships,ship
8,beliefs,belief
8,xcassets,xcasset
8,floorplans,floorplan
8,goods,good
8,ils,-2
8,parasites,parasite
8,mnemonics,mnemonic
8,nids,-2
8,crs,-2
8,norns,-2
8,launchers,launcher
8,lexicons,lexicon
8,rasters,raster
8,purchases,purchase
8,vrs,-2
8,codenames,codename
8,rootkits,rootkit
8,waveforms,waveform
8,biomes,biome
8,routerboards,routerboard
8,candlesticks,candlestick
8,wildcards,wildcard
8,bts,-2
8,deprecations,deprecation
8,renewables,renewable
8,tones,tone
8,thunks,thunk
8,injections,injection
8,listas,lista
8,cobs,-2
8,translators,translator
8,hans,-2
8,plcs,-2
8,acls,-2
8,wns,-2
8,edns,-2
8,acronyms,acronym
8,integrals,integral
8,opinions,opinion
8,itemsets,itemset
8,eventos,-2
8,underscores,underscore
8,perturbations,perturbation
8,recognizes,recognize
8,editions,edition
8,thumbs,thumb
8,mads,-2
8,les,-2
8,wes,-2
8,comunidades,comunidade
8,mtls,mtl
8,hearts,heart
8,sles,virion
8,storyboards,storyboard
8,expectations,expectation
8,behaviours,behaviour
8,ans,-2
8,outputs,output
8,acts,-2
8,ords,-2
8,outlines,outline
8,activations,activation
8,oracles,oracle
8,codeowners,codeowner
8,huds,-2
8,uavs,-2
8,hsds,-2
8,logins,login
8,rentals,rental
8,evaluators,evaluator
8,wells,well
8,modpacks,modpack
8,tads,-2
8,pws,pw
8,knobs,knob
8,monoids,monoid
8,scs,sc
8,islands,island
8,hts,-2
8,edits,edit
8,msms,-2
8,rocks,rock
8,certifications,certification
8,collocations,collocation
8,npms,npm
8,tss,-2
8,sparkles,sparkle
8,tournaments,tournament
8,paladins,paladin
7,reeds,-2
7,assistants,assistant
7,adams,-2
7,shades,shade
7,streets,street
7,gnos,-2
7,eecs,-2
7,leagues,league
7,sks,-2
7,plasmids,plasmid
7,quadcopters,quadcopter
7,creatures,creature
7,atcommands,atcommand
7,ccms,-2
7,installations,installation
7,refs,-2
7,pds,-2
7,subsets,subset
7,trips,trip
7,cohorts,cohort
7,ejemplos,ejemplo
7,deeplinks,deeplink
7,dubins,dubin
7,tis,-2
7,aids,aid
7,snackbars,snackbar
7,virions,virion
7,tagspaces,tagspace
7,flaggers,flagger
7,componets,componet
7,resizes,resize
7,hms,-2
7,clos,-2
7,gitpages,gitpage
7,clicks,click
7,nws,-2
7,tcs,-2
7,triangles,triangle
7,gardens,garden
7,gts,-2
7,irs,-2
7,rpcs,rpc
7,dvs,-2
7,macs,mac
7,laptops,laptop
7,planes,plane
7,confs,conf
7,mts,-2
7,mes,-2
7,improvements,improvement
7,checkins,checkin
7,iges,-2
7,formsets,formset
7,paragraphs,paragraph
7,rps,-2
7,aligners,aligner
7,hrms,-2
7,pgas,-2
7,lines,line
7,bulls,bull
7,epos,-2
7,antipatterns,antipattern
7,javabeans,javabean
7,saliens,salien
7,spectacles,spectacle
7,ramps,ramp
7,oscillations,oscillation
7,hospitals,hospital
7,wings,wing
7,adventures,adventure
7,microprocessors,microprocessor
7,bestpractices,bestpractice
7,scouts,scout
7,champions,champion
7,fias,-2
7,priors,prior
7,energies,energie
7,bhs,energy
7,crosswords,crossword
7,nederlands,nederland
7,sbs,-2
7,risks,risk
7,benefits,benefit
7,animators,animator
7,dlls,dll
7,workloads,workload
7,eggs,egg
7,vuls,-2
7,profunctors,-2
7,comonads,-2
7,fees,fee
7,solids,solid
7,dgis,-2
7,laas,-2
7,bicycles,bicycle
7,shelters,shelter
7,ebus,-2
7,notations,notation
7,fingers,finger
7,potholes,pothole
7,intersections,intersection
7,rats,rat
7,whitespaces,whitespace
7,npcs,-2
7,pullrequests,pullrequest
7,ross,-2
7,acss,-2
7,alphabets,alphabet
7,microfluidics,microfluidic
7,hps,-2
7,declarations,declaration
7,nts,-2
7,budgets,budget
7,crdts,crdt
7,encrypts,encrypt
7,swarms,swarm
7,bns,-2
7,sbus,sbu
7,lvs,-2
7,pps,-2
7,cvss,-2
7,panoramas,panorama
7,pseudopotentials,pseudopotential
7,residuals,residual
7,inherits,inherit
7,percentiles,percentile
7,monsters,monster
7,quickstarts,quickstart
7,treehouses,treehouse
7,particulates,particulate
7,softspiders,softspider
7,placements,placement
7,antonyms,antonym
7,alioss,-2
7,retrospectives,retrospective
7,pastes,paste
7,rhymes,rhyme
7,stamps,stamp
7,rls,-2
7,resnets,resnet
7,beams,beam
7,parcels,parcel
7,photovoltaics,photovoltaic
7,jps,-2
7,additions,addition
7,chiptunes,chiptune
7,msgs,msg
7,smileys,smiley
7,shots,shot
7,representatives,representative
7,mutators,mutator
7,alos,-2
7,allocators,allocator
7,microtasks,microtask
7,etfs,-2
7,rotations,rotation
7,sundials,sundial
7,caches,cache
6,ecss,-2
6,segues,segue
6,organisms,organism
6,publishers,publisher
6,colleges,college
6,workbooks,workbook
6,hcs,-2
6,codechecks,codecheck
6,gears,gear
6,edms,-2
6,roberts,robert
6,parents,parent
6,nuts,-2
6,hots,-2
6,orfs,-2
6,archetypes,archetype
6,ixps,-2
6,bdds,-2
6,troopers,trooper
6,currents,current
6,extends,extend
6,greeks,greek
6,proverbs,proverb
6,cgans,-2
6,mlds,-2
6,snaps,snap
6,kws,-2
6,deletes,delete
6,geodesics,geodesic
6,hypervisors,hypervisor
6,nars,-2
6,moses,mose
6,raiders,raider
6,decoders,decoder
6,fortunes,fortune
6,hyphens,hyphen
6,headings,heading
6,herbs,herb
6,runbooks,runbook
6,datasheets,datasheet
6,organizers,organizer
6,freelancers,freelancer
6,hotspots,hotspot
6,steroids,steroid
6,radios,-2
6,quicksettings,quicksetting
6,fakes,fake
6,additives,additive
6,svgs,svg
6,blakes,blake
6,dinosaurs,dinosaur
6,jets,jet
6,usernotifications,usernotification
6,papis,papi
6,incentives,incentive
6,clinics,clinic
6,ejercicios,ejercicio
6,nslayoutconstraints,nslayoutconstraint
6,landscapes,landscape
6,industries,industrie
6,aags,-2
6,ujs,-2
6,snakes,snake
6,bas,-2
6,howtos,howto
6,scrapes,scrape
6,cartoons,cartoon
6,chairs,chair
6,accelerators,accelerator
6,hris,-2
6,gnus,gnu
6,rainbows,rainbow
6,paintings,painting
6,kitchens,kitchen
6,sidebars,sidebar
6,awes,-2
6,strains,strain
6,interstitials,interstitial
6,gitcommands,gitcommand
6,pharmaceuticals,pharmaceutical
6,swaps,swap
6,vendors,vendor
6,outcomes,outcome
6,tides,tide
6,wxs,-2
6,markings,marking
6,saves,save
6,pades,-2
6,indians,-2
6,corgis,-2
6,numbas,-2
6,adjectives,adjective
6,lifts,-2
6,whs,-2
6,refactorings,refactoring
6,occurrences,occurrence
6,modders,modder
6,subreddits,subreddit
6,alternatives,alternative
6,udisks,udisk
6,steins,stein
6,exceljs,-2
6,repeaters,repeater
6,toolchains,toolchain
6,copycats,copycat
6,cmos,-2
6,otus,-2
6,nerds,nerd
6,excuses,excuse
6,slaves,slave
6,candidates,candidate
6,metabolites,metabolite
6,regressions,regression
6,newsgroups,newsgroup
6,overloads,overload
6,chaoss,chaos
6,implicits,implicit
6,phenomics,phenomic
6,phases,phase
6,parses,parse
6,evaluations,evaluation
6,stemmers,stemmer
6,vessels,vessel
6,openstreetmaps,openstreetmap
6,subs,sub
6,dlms,dlm
6,nutrients,nutrient
6,uis,ui
6,mcleaks,mcleak
6,debits,debit
6,joysticks,joystick
6,allocations,allocation
6,mljs,-2
6,correspondences,correspondence
6,flowcharts,flowchart
6,gls,-2
6,bursts,burst
6,tinkers,tinker
6,transcriptions,transcription
6,pes,-2
6,pruebas,prueba
6,svs,-2
6,attendees,attendee
6,festivals,festival
6,verses,verse
6,moderators,moderator
6,marbles,marble
6,retakes,retake
6,insects,insect
6,lobsters,lobster
6,cirrus,-2
6,bitflags,bitflag
6,coordinators,coordinator
6,sss,-2
6,setups,setup
6,burgers,burger
6,vhosts,vhost
6,snvs,-2
6,heightmaps,heightmap
6,cosmetics,cosmetic
6,fds,-2
6,smms,-2
6,nonparametrics,nonparametric
6,pics,pic
6,years,year
6,shipments,shipment
6,equivalents,equivalent
6,cryptos,crypto
6,easings,easing
6,ballistics,ballistic
6,slideshows,slideshow
6,spikes,spike
6,bancos,banco
6,genres,genre
6,usergroups,usergroup
6,compositions,composition
6,seekers,seeker
6,joss,-2
6,rxjavasamples,rxjavasample
6,bignumbers,bignumber
6,eis,-2
6,sanctions,sanction
6,hides,hide
6,wikis,wiki
6,evans,evan
6,estudos,estudo
6,humanoids,humanoid
6,carousels,carousel
6,telescopes,telescope
6,toponyms,toponym
6,xrays,xray
6,dependents,dependent
6,captchas,captcha
6,prefs,pref
6,bridges,bridge
6,electrostatics,electrostatic
6,dividers,divider
5,pss,-2
5,exiles,exile
5,seeders,seeder
5,styleguides,styleguide
5,alunos,-2
5,nbs,-2
5,foods,food
5,irls,-2
5,wbs,-2
5,vacations,vacation
5,obstacles,obstacle
5,exemples,exemple
5,mitigations,mitigation
5,hostnames,hostname
5,owners,owner
5,examinations,examination
5,lightcurves,lightcurve
5,superpowers,superpower
5,bis,-2
5,pranks,prank
5,mfs,-2
5,pacotes,pacote
5,transmitters,transmitter
5,microstates,microstate
5,does,-2
5,subscribers,subscriber
5,organisations,organisation
5,invites,invite
5,saxs,sax
5,creators,creator
5,personas,persona
5,sdss,-2
5,ratios,ratio
5,grs,-2
5,isms,-2
5,drawings,drawing
5,claws,claw
5,etags,etag
5,shutters,shutter
5,racers,racer
5,runs,run
5,vpls,-2
5,convnets,convnet
5,enchants,enchant
5,zs,-2
5,tenants,tenant
5,airplanes,airplane
5,typescripts,typescript
5,advices,advice
5,mises,mise
5,xds,-2
5,applemaps,applemap
5,nachos,nacho
5,kexts,kext
5,sugos,sugo
5,dvcs,dvc
5,mmcs,-2
5,academics,academic
5,phonons,phonon
5,composites,composite
5,triplets,triplet
5,sellers,seller
5,ticks,tick
5,shortens,shorten
5,trucks,truck
5,elastics,elastic
5,hetnets,hetnet
5,lamps,lamp
5,mapas,mapa
5,timetables,timetable
5,veiculos,veiculo
5,lifehacks,lifehack
5,scraps,scrap
5,unfollowers,unfollower
5,countrycodes,countrycode
5,testimonials,testimonial
5,pngs,png
5,mans,man
5,renderings,rendering
5,enthusiasts,enthusiast
5,emits,emit
5,clibs,clib
5,factoids,factoid
5,spheres,sphere
5,departures,departure
5,nonos,nono
5,executors,executor
5,pragmatics,pragmatic
5,aas,-2
5,dataflows,dataflow
5,mushrooms,mushroom
5,vns,-2
5,raids,-2
5,hss,-2
5,apks,apk
5,motions,motion
5,settlements,settlement
5,restdocs,restdoc
5,wildfires,wildfire
5,holes,hole
5,autograders,autograder
5,kdtrees,kdtree
5,acms,acm
5,daos,-2
5,minions,minion
5,brothers,brother
5,passphrases,passphrase
5,thresholds,threshold
5,flipdots,flipdot
5,pageobjects,pageobject
5,presenters,presenter
5,ars,-2
5,pulsars,pulsar
5,chs,-2
5,quirks,quirk
5,log4js,-2
5,populations,population
5,glances,glance
5,drs,dr
5,flaws,flaw
5,lifecycles,lifecycle
5,whiteboards,whiteboard
5,hpss,-2
5,forecasts,forecast
5,tablets,tablet
5,dankmemes,dankmeme
5,cliques,clique
5,hrnets,hrnet
5,shoes,shoe
5,bearings,bearing
5,nonces,nonce
5,libros,-2
5,bans,ban
5,programmes,programme
5,substrings,substring
5,clues,clue
5,flops,flop
5,fos,-2
5,spectrograms,spectrogram
5,annoyances,annoyance
5,exemplos,exemplo
5,sorts,sort
5,adds,add
5,concerts,concert
5,freebooks,freebook
5,cgns,-2
5,serves,serve
5,guilds,guild
5,libras,-2
5,marketplaces,marketplace
5,projjs,projj
5,algos,algo
5,goats,goat
5,lcms,-2
5,contains,contain
5,compounds,compound
5,travels,travel
5,chnroutes,chnroute
5,resolutions,resolution
5,codes,code
5,automatons,automaton
5,ages,age
5,blockers,blocker
5,gifts,gift
5,refinements,refinement
5,comandos,comando
5,bliss,-2
5,unikernels,unikernel
5,sucks,suck
5,tlds,-2
5,keyphrases,keyphrase
5,airfoils,airfoil
5,corrections,correction
5,analysts,analyst
5,dominos,domino
5,meps,mep
5,bcos,-2
5,ows,-2
5,dags,-2
5,hmis,-2
5,anns,-2
5,mks,-2
5,acis,-2
5,mines,mine
5,engagements,engagement
5,ogs,-2
5,broadcasts,broadcast
5,amazons,amazon
5,wids,-2
5,livros,livro
5,warships,warship
5,gophers,gopher
5,margins,margin
5,ghs,-2
5,efforts,effort
5,prisoners,prisoner
5,takes,take
5,nucleotides,nucleotide
5,ctfs,-2
5,morphos,morpho
5,initializers,initializer
5,rovers,rover
5,junctions,junction
5,dats,-2
5,aicups,aicup
5,fades,fade
5,sentinels,sentinel
5,gus,-2
5,daniels,daniel
5,pieces,piece
5,gods,god
5,kruskals,kruskal
5,daemons,daemon
5,breeds,breed
5,spoilers,spoiler
5,enumerations,enumeration
5,gbfs,gbf
5,modems,modem
5,toastutils,toastutil
5,wordvectors,wordvector
5,noops,noop
5,interventions,intervention
5,cnes,-2
5,adjustments,adjustment
5,updaters,updater
5,ions,-2
5,covers,-2
4,lawyers,lawyer
4,viewpagers,viewpager
4,tales,tale
4,fecs,fec
4,lungs,lung
4,webthings,webthing
4,utxos,utxo
4,gains,gain
4,stevens,steven
4,xmos,xmo
4,commitments,commitment
4,digests,digest
4,lemans,leman
4,neighborhoods,neighborhood
4,callers,caller
4,algs,alg
4,templatetags,templatetag
4,comets,comet
4,odps,odp
4,rumors,rumor
4,odes,-2
4,globs,-2
4,averages,average
4,kahns,kahn
4,lattes,latte
4,hats,-2
4,isotopes,isotope
4,nis,-2
4,uds,-2
4,mqtts,-2
4,adls,-2
4,brasileiras,brasileira
4,rbfs,-2
4,rewrites,rewrite
4,capes,cape
4,dnds,dnd
4,yas,-2
4,webcams,webcam
4,miniatures,miniature
4,leaders,leader
4,telecoms,telecom
4,atos,-2
4,arithmetics,arithmetic
4,iconfonts,iconfont
4,bcs,-2
4,kcs,-2
4,facturas,factura
4,assumptions,assumption
4,doodles,doodle
4,avataaars,avataaar
4,nomads,nomad
4,offerings,offering
4,olympics,olympic
4,transposons,transposon
4,xevents,xevent
4,atomicswaps,atomicswap
4,weeks,week
4,genotypes,genotype
4,prodos,prodo
4,tectonics,tectonic
4,picks,pick
4,bws,-2
4,webinars,webinar
4,ingests,ingest
4,chms,chm
4,darksouls,darksoul
4,pointofsales,pointofsale
4,sponsorships,sponsorship
4,basins,basin
4,matematicas,matematica
4,dongles,dongle
4,thps,-2
4,igaps,igap
4,bchs,-2
4,spritesheets,spritesheet
4,subgroups,subgroup
4,winters,winter
4,amos,amo
4,ways,way
4,pkgs,pkg
4,factorizations,factorization
4,ndis,-2
4,staticfiles,staticfile
4,clases,-2
4,releasenotes,releasenote
4,alks,-2
4,handles,handle
4,imessages,imessage
4,donuts,donut
4,prayertimes,prayertime
4,renderers,renderer
4,constructors,constructor
4,eds,-2
4,multipliers,multiplier
4,atmospheres,atmosphere
4,flames,flame
4,shortlinks,shortlink
4,fics,-2
4,legos,-2
4,enablers,enabler
4,expires,expire
4,voices,voice
4,codons,codon
4,lightbulbs,lightbulb
4,fdns,-2
4,lipids,lipid
4,animates,animate
4,iros,-2
4,harddisks,harddisk
4,notas,-2
4,reviewers,reviewer
4,magnets,magnet
4,vines,vine
4,pharos,pharo
4,generations,generation
4,abstracts,abstract
4,iops,iop
4,keyrings,keyring
4,his,-2
4,contractors,contractor
4,multiples,multiple
4,nibbles,nibble
4,swiftplaygrounds,swiftplayground
4,builtins,builtin
4,dsms,-2
4,poems,poem
4,mdps,-2
4,johns,-2
4,cons,-2
4,fsms,-2
4,unseals,unseal
4,catamorphisms,catamorphism
4,semigroups,semigroup
4,subtags,subtag
4,pojos,pojo
4,miles,mile
4,dispatchers,dispatcher
4,hashmaps,hashmap
4,cellphones,cellphone
4,months,month
4,facades,facade
4,clones,clone
4,drafts,draft
4,races,race
4,spices,spice
4,workdays,workday
4,robocars,robocar
4,mountains,mountain
4,flavours,flavour
4,tuds,-2
4,fpgas,fpga
4,hyperjs,hyperj
4,gizmos,gizmo
4,courts,court
4,rotors,rotor
4,ssjs,ssj
4,childrens,children
4,planetlabs,planetlab
4,plugs,plug
4,cascades,cascade
4,indications,indication
4,nns,-2
4,fellowships,fellowship
4,bets,bet
4,serdes,serde
4,crafters,crafter
4,spirals,spiral
4,oos,oo
4,rustaceans,rustacean
4,adts,adt
4,outbreaks,outbreak
4,boxplots,boxplot
4,arduinos,arduino
4,softwares,software
4,boots,boot
4,rtps,rtp
4,barycenters,barycenter
4,crds,crd
4,cohens,cohen
4,facs,fac
4,nanoservices,nanoservice
4,greetings,greeting
4,rivers,river
4,logutils,logutil
4,medals,medal
4,neopets,neopet
4,outlets,outlet
4,shirts,shirt
4,stencils,stencil
4,resets,reset
4,eidas,eida
4,stands,stand
4,iostreams,iostream
4,comonents,comonent
4,ccks,cck
4,utterances,utterance
4,roommates,roommate
4,chromosomes,chromosome
4,referers,referer
4,holdings,holding
4,subroutines,subroutine
4,kites,kite
4,peers,peer
4,movers,mover
4,irules,irule
4,dgs,dg
4,performances,performance
4,creds,cred
4,venues,venue
4,horarios,horario
4,tns,tn
4,vts,vt
4,openms,openm
4,semiconductors,semiconductor
4,soundtracks,soundtrack
4,youtubers,youtuber
4,shifts,shift
4,protections,protection
4,reps,rep
4,timeouts,timeout
4,aaas,aaa
4,empregos,emprego
4,quads,quad
4,desmos,desmo
4,agreements,agreement
4,afs,-2
4,conlangs,conlang
4,decorations,decoration
4,dreams,dream
4,reposts,repost
4,urcaps,urcap
4,faults,fault
4,dacs,-2
4,fess,-2
4,lps,-2
4,impacts,impact
4,rides,ride
4,retractions,retraction
4,interactors,interactor
4,userforms,userform
4,minerals,mineral
4,poets,poet
4,convertors,convertor
4,freess,frees
4,pts,-2
4,binders,binder
4,borderlands,borderland
4,referrals,referral
4,minds,mind
4,fruits,fruit
4,dhs,-2
4,developpers,developper
4,benders,bender
4,lws,-2
4,walklets,walklet
4,highways,highway
4,codefights,codefight
4,conditionals,conditional
4,hotwords,hotword
4,jams,jam
4,tgs,-2
4,gos,-2
4,diagnoses,diagnose
4,transmissions,transmission
4,subrepos,subrepo
4,orgs,org
4,hybrids,hybrid
4,trolls,troll
4,serps,-2
4,bnns,-2
4,stacktraces,stacktrace
4,offices,office
4,keybinds,keybind
4,radians,radian
4,kts,-2
4,paws,paw
4,ambients,ambient
4,qps,-2
4,scammers,scammer
4,labworks,labwork
4,classifications,classification
4,prosthetics,prosthetic
4,farts,fart
4,chronicles,chronicle
4,vulns,vuln
4,ferramentas,ferramenta
4,grovers,grover
4,acceptors,acceptor
4,psychrometrics,psychrometric
4,dendrograms,dendrogram
4,questionnaires,questionnaire
4,guarantees,guarantee
4,wows,wow
4,worms,worm
4,seminars,seminar
4,infos,info
4,extractors,extractor
4,newyorktimes,newyorktime
4,portlets,portlet
4,orthologs,ortholog
4,cbs,-2
4,pwas,pwa
4,doubts,doubt
4,statuscodes,statuscode
4,backpacks,backpack
4,executions,execution
4,bookings,booking
4,towns,town
4,dbs,vd
4,farms,farm
4,fuzzers,fuzzer
4,crocks,crock
4,chickens,chicken
4,triangulations,triangulation
4,bds,-2
4,yates,yate
4,checksums,checksum
4,detects,detect
4,uris,uri
4,boas,boa
4,herramientas,herramienta
4,accidents,accident
4,panos,pano
4,kingdoms,kingdom
4,streamers,streamer
4,chests,chest
4,saints,saint
4,vds,-2
4,reactiveforms,reactiveform
4,turtles,turtle
3,obfuscates,obfuscate
3,injects,inject
3,proportions,proportion
3,ias,-2
3,advertisers,advertiser
3,travelers,traveler
3,ccls,ccl
3,dateutils,dateutil
3,systemcalls,systemcall
3,blackholes,blackhole
3,grus,gru
3,mpds,mpd
3,fins,-2
3,detections,detection
3,wcms,-2
3,acbs,-2
3,monuments,monument
3,battleships,battleship
3,rumps,rump
3,axioms,axiom
3,rogers,roger
3,netlists,netlist
3,cloudservices,cloudservice
3,lstms,lstm
3,wetlands,wetland
3,keymappings,keymapping
3,liquids,liquid
3,daas,daa
3,enviroments,enviroment
3,loves,love
3,homes,home
3,theses,-2
3,adops,-2
3,ancestors,ancestor
3,callouts,callout
3,lives,live
3,impairments,impairment
3,renames,rename
3,ones,one
3,microphones,microphone
3,vectortiles,vectortile
3,selfies,selfie
3,tecnologias,tecnologia
3,employers,employer
3,copulas,copula
3,itis,-2
3,buffs,buff
3,fabrics,fabric
3,sidechains,sidechain
3,pioneers,pioneer
3,statics,static
3,hsms,-2
3,documentations,documentation
3,standings,standing
3,sevices,sevice
3,tshirts,tshirt
3,destinations,destination
3,prefabs,prefab
3,refactors,refactor
3,jpos,jpo
3,butts,butt
3,resourcepacks,resourcepack
3,intrusions,intrusion
3,encryptions,encryption
3,dims,dim
3,ees,-2
3,interactives,interactive
3,residents,resident
3,ninjas,ninja
3,logjs,-2
3,minimizes,minimize
3,redmis,redmi
3,corelibs,corelib
3,stems,stem
3,financials,financial
3,pragmas,pragma
3,scholarships,scholarship
3,indexers,indexer
3,grafos,grafo
3,bears,bear
3,messengers,messenger
3,bsgs,-2
3,slopes,slope
3,cashflows,cashflow
3,quantiles,quantile
3,brussels,brussel
3,vibrations,vibration
3,csvutils,csvutil
3,sros,-2
3,rhs,-2
3,teenagers,teenager
3,fss,-2
3,oses,-2
3,estruturas,estrutura
3,abuses,abuse
3,showcases,showcase
3,fluctuations,fluctuation
3,toasters,toaster
3,constellations,constellation
3,osis,-2
3,horses,horse
3,archimedes,archimede
3,opls,opl
3,taos,tao
3,sachs,sach
3,grupos,grupo
3,magazines,magazine
3,radars,radar
3,redblacktrees,redblacktree
3,worksheets,worksheet
3,karaokes,karaoke
3,ripples,ripple
3,amis,ami
3,qualis,quali
3,interns,intern
3,villages,village
3,wordpresss,wordpress
3,ellipses,ellipse
3,coords,coord
3,weddings,wedding
3,hazards,hazard
3,toolbars,toolbar
3,gss,-2
3,womens,women
3,btfs,btf
3,walls,wall
3,mofs,mof
3,uuids,uuid
3,clinicians,clinician
3,pens,pen
3,marknotes,marknote
3,governors,governor
3,stripes,stripe
3,inflections,inflection
3,inversions,inversion
3,masterkeys,masterkey
3,kps,-2
3,guias,guia
3,njs,-2
3,mrss,-2
3,burns,burn
3,jpegs,jpeg
3,buzzers,buzzer
3,bundlers,bundler
3,callables,callable
3,imas,ima
3,nodules,nodule
3,magics,magic
3,trados,trado
3,stumps,stump
3,reloads,reload
3,helps,help
3,perceptrons,perceptron
3,redistributables,redistributable
3,nordics,nordic
3,malwares,malware
3,servicios,servicio
3,nsnotifications,nsnotification
3,icos,-2
3,gnns,-2
3,pebs,peb
3,pars,par
3,timeslots,timeslot
3,locals,local
3,sanders,sander
3,ocds,-2
3,origins,origin
3,clientlibs,clientlib
3,caustics,caustic
3,nlms,-2
3,sdes,-2
3,vmss,-2
3,sharebuttons,sharebutton
3,nitros,nitro
3,pois,-2
3,lis,-2
3,tens,-2
3,mortgages,mortgage
3,curvatures,curvature
3,inspects,inspect
3,collectives,collective
3,packers,packer
3,musics,music
3,escalations,escalation
3,earnings,earning
3,carbs,carb
3,streamlines,streamline
3,mobs,mob
3,inets,-2
3,snowflakes,snowflake
3,santas,santa
3,aus,-2
3,wins,win
3,curtains,curtain
3,obvs,-2
3,cartas,-2
3,sermons,sermon
3,rotates,rotate
3,starts,start
3,vaults,vault
3,titans,titan
3,mosaics,mosaic
3,innovators,innovator
3,oais,-2
3,gcms,-2
3,swings,swing
3,jdos,-2
3,sdgs,-2
3,influencers,influencer
3,pedestrians,pedestrian
3,webjs,-2
3,fms,-2
3,removes,remove
3,tours,tour
3,asserts,assert
3,dams,dam
3,weekdays,weekday
3,mens,men
3,gpgs,-2
3,grounds,ground
3,endings,ending
3,aces,-2
3,freshbooks,freshbook
3,zipfs,zipf
3,flats,flat
3,nodemodules,nodemodule
3,toppers,topper
3,flares,flare
3,debuggers,debugger
3,wis,-2
3,overseas,oversea
3,fighters,fighter
3,ngos,-2
3,expats,expat
3,councils,council
3,discords,discord
3,talents,talent
3,surnames,surname
3,ghosts,ghost
3,daps,dap
3,was,-2
3,crusaders,crusader
3,deductions,deduction
3,binds,-2
3,scribbles,scribble
3,ves,-2
3,pagelets,pagelet
3,documentos,documento
3,blocs,-2
3,determinants,determinant
3,pzs,pz
3,classrooms,classroom
3,radiographs,radiograph
3,onions,onion
3,tombstones,tombstone
3,dividends,dividend
3,insurances,insurance
3,ames,-2
3,heartbeats,heartbeat
3,chars,char
3,pcss,-2
3,explorables,explorable
3,corridors,corridor
3,gigs,gig
3,magnetotellurics,magnetotelluric
3,rus,-2
3,floods,flood
3,scalars,scalar
3,audios,audio
3,excerpts,excerpt
3,lsmds,lsmd
3,morphs,morph
3,clis,cli
3,adbs,adb
3,biscuits,biscuit
3,llamas,llama
3,loads,load
3,steemjs,-2
3,ius,iu
3,sens,sen
3,requires,require
3,glaciers,glacier
3,ivs,-2
3,purs,pur
3,devis,devi
3,orbifolds,orbifold
3,provers,prover
3,shelves,shelve
3,ores,-2
3,fcns,-2
3,scipts,scipt
3,vitals,vital
3,sweeps,sweep
3,cruds,crud
3,norms,norm
3,tribes,tribe
3,aires,aire
3,fractures,fracture
3,airdrops,airdrop
3,wos,-2
3,neis,-2
3,subcomponents,subcomponent
3,warehouses,warehouse
3,rnas,rna
3,pugs,pug
3,exhibits,exhibit
3,gsos,gso
3,vocalizations,vocalization
3,pys,py
3,waits,wait
3,pcms,pcm
3,weeds,weed
3,scrambles,scramble
3,profits,profit
3,managements,management
3,adverbs,adverb
3,hos,-2
3,checkpoints,checkpoint
3,datagrams,datagram
3,wonders,wonder
3,girs,gir
3,vibes,vibe
3,tablebases,tablebase
3,handouts,handout
3,metals,metal
3,qthreads,qthread
3,iapps,iapp
3,twins,twin
3,orms,orm
3,crossings,crossing
3,mergetools,mergetool
3,wafs,-2
3,pads,pad
3,sops,-2
3,cols,-2
3,hunters,hunter
3,prerequisites,prerequisite
3,administrators,administrator
3,subviews,subview
3,mongos,mongo
3,continents,continent
3,memos,memo
3,whispers,whisper
3,krs,-2
3,lakes,lake
3,lavas,-2
3,efas,-2
3,sdis,-2
3,javaprojects,javaproject
3,darcs,darc
3,philadelphias,philadelphia
3,majoras,majora
3,falls,fall
3,coachmarks,coachmark
3,temperatures,temperature
3,specimens,specimen
3,planewars,planewar
3,parliaments,parliament
3,funnels,funnel
3,pangenomics,pangenomic
3,vvs,-2
3,instructors,instructor
3,programms,programm
3,valentines,valentine
3,nirs,-2
3,desafios,desafio
3,gloves,glove
3,lins,-2
3,xxs,-2
3,nouns,noun
3,codigos,codigo
3,textools,textool
3,bss,-2
3,sifts,sift
3,appeals,appeal
3,pictograms,pictogram
3,lmis,-2
