1,fortran,f95
1,fortran,f77
1,fortran,fortran90
1,fortran,fortran77
1,fortran,fortran95
1,fortran,fortran2003
1,fortran,fortran2008
1,fortran,fortran2018
1,dotnet,dotnet-core
1,dotnet,dotnetcore
1,dotnet,dot-net
1,frontend,frontend-developer
1,nosql,nosql-databases
1,nosql,nosql-database
1,unity,unity3d
1,unity,unity3d-plugin
1,unity,unity-plugin
1,unity,unity3d-editor
1,unity,unity-editor
1,unity,unity-package-manager
1,unity,unity-scripts
1,unity,unity-script
1,unity,unity3d-script
1,unity,unity3d-scripts
1,unity,unity-development
1,unity,unity3d-development
1,unity,upm-package
1,typescript,typescript2
1,cli,commandline-interface
1,mongoose,mongoosejs
1,mongoose,mongoose-js
1,mongoose,mongoose-plugin
1,mongoose,mongoose-model
1,package-manager,package-manager-tool
1,rails,rails5
1,rails,rails-application
1,rails,ruby-on-rails
1,rails,rails4
1,rails,rubyonrails
1,rails,rails-tutorial
1,twitch,twitch-tv
1,twitch,twitchtv
1,twitch,twitch-extensions
1,twitch,twitchdev
1,twitch,twitch-irc
1,twitch,twitch-chat
1,twitch,twitch-api
1,twitch,twitch-pubsub
1,twitch,twitch-bot
1,twitch,twitch-kraken
1,twitch,twitch-helix
1,graphql,graphql-client
1,graphql,graphql-api
1,graphql,graphql-schema
1,graphql,graphql-query
1,graphql,graphql-server
1,finite-element-method,fem
1,finite-element-method,fea
1,finite-element-method,finite-element-method
1,finite-element-method,finite-element-analysis
1,finite-element-method,finite-elements
1,mvvmcross,mvvmcross-plugin
1,mvvmcross,xamarin-mvvmcross
1,freeswitch,fs
1,ember,emberjs
1,indieweb,indiewebcamp
1,backbonejs,backbone
1,first-robotics-competition,frc
1,first-robotics-competition,first-frc
1,postgresql,postgres
1,webapp,web-application
1,webapp,web-app
1,webapp,webapps
1,webapp,webapplication
1,xcode,xcode-theme
1,xcode,xcode-themes
1,shell,shell-script
1,shell,shell-scripts
1,shell,shellscript
1,shell,shellcode
1,storybook,storybooks
1,discord,discordapp
1,android,android-application
1,android,android-app
1,android,android-development
1,sass,scss
1,sass,sass-library
1,sass,sass-mixins
1,sass,sass-framework
1,sass,scss-framework
1,liko-12,liko12
1,cpp,c-plus-plus
1,cpp,cpp11
1,cpp,cpp14
1,cpp,cpp17
1,cpp,cpp98
1,cpp,cpps
1,cpp,cplusplus
1,cpp,cplusplus-11
1,csharp,c-sharp
1,csharp,csharp-code
1,csharp,csharp-library
1,yaml,yml
1,visual-basic,visualbasic
1,visual-basic,vb
1,visual-basic,vbnet
1,visual-basic,vb-net
1,babel,babeljs
1,umbraco,umbraco-cms
1,umbraco,umbraco-backoffice
1,umbraco,umbraco-v7
1,umbraco,umbraco-v8
1,atom,atom-package
1,atom,atom-packages
1,atom,atom-theme
1,atom,atom-themes
1,css,css3
1,wpf,windows-presentation-foundation
1,http,http2
1,http,https
1,3d,3d-printing
1,3d,3d-graphics
1,3d,3d-models
1,ludum-dare,ludumdare
1,ludum-dare,ldjam
1,ludum-dare,ld0
1,ludum-dare,ldjam0
1,ludum-dare,ld1
1,ludum-dare,ldjam1
1,ludum-dare,ld2
1,ludum-dare,ldjam2
1,ludum-dare,ld3
1,ludum-dare,ldjam3
1,ludum-dare,ld4
1,ludum-dare,ldjam4
1,ludum-dare,ld5
1,ludum-dare,ldjam5
1,ludum-dare,ld6
1,ludum-dare,ldjam6
1,ludum-dare,ld7
1,ludum-dare,ldjam7
1,ludum-dare,ld8
1,ludum-dare,ldjam8
1,ludum-dare,ld9
1,ludum-dare,ldjam9
1,ludum-dare,ld10
1,ludum-dare,ldjam10
1,ludum-dare,ld11
1,ludum-dare,ldjam11
1,ludum-dare,ld12
1,ludum-dare,ldjam12
1,ludum-dare,ld13
1,ludum-dare,ldjam13
1,ludum-dare,ld14
1,ludum-dare,ldjam14
1,ludum-dare,ld15
1,ludum-dare,ldjam15
1,ludum-dare,ld16
1,ludum-dare,ldjam16
1,ludum-dare,ld17
1,ludum-dare,ldjam17
1,ludum-dare,ld18
1,ludum-dare,ldjam18
1,ludum-dare,ld19
1,ludum-dare,ldjam19
1,ludum-dare,ld20
1,ludum-dare,ldjam20
1,ludum-dare,ld21
1,ludum-dare,ldjam21
1,ludum-dare,ld22
1,ludum-dare,ldjam22
1,ludum-dare,ld23
1,ludum-dare,ldjam23
1,ludum-dare,ld24
1,ludum-dare,ldjam24
1,ludum-dare,ld25
1,ludum-dare,ldjam25
1,ludum-dare,ld26
1,ludum-dare,ldjam26
1,ludum-dare,ld27
1,ludum-dare,ldjam27
1,ludum-dare,ld28
1,ludum-dare,ldjam28
1,ludum-dare,ld29
1,ludum-dare,ldjam29
1,ludum-dare,ld30
1,ludum-dare,ldjam30
1,ludum-dare,ld31
1,ludum-dare,ldjam31
1,ludum-dare,ld32
1,ludum-dare,ldjam32
1,ludum-dare,ld33
1,ludum-dare,ldjam33
1,ludum-dare,ld34
1,ludum-dare,ldjam34
1,ludum-dare,ld35
1,ludum-dare,ldjam35
1,ludum-dare,ld36
1,ludum-dare,ldjam36
1,ludum-dare,ld37
1,ludum-dare,ldjam37
1,ludum-dare,ld38
1,ludum-dare,ldjam38
1,ludum-dare,ld39
1,ludum-dare,ldjam39
1,ludum-dare,ld40
1,ludum-dare,ldjam40
1,ludum-dare,ld41
1,ludum-dare,ldjam41
1,ludum-dare,ld42
1,ludum-dare,ldjam42
1,ludum-dare,ld43
1,ludum-dare,ldjam43
1,ludum-dare,ld44
1,ludum-dare,ldjam44
1,ludum-dare,ld45
1,ludum-dare,ldjam45
1,ludum-dare,ld46
1,ludum-dare,ldjam46
1,ludum-dare,ld47
1,ludum-dare,ldjam47
1,ludum-dare,ld48
1,ludum-dare,ldjam48
1,ludum-dare,ld49
1,ludum-dare,ldjam49
1,pico-8,pico8
1,moleculer,moleculerjs
1,moleculer,moleculer-framework
1,ponylang,pony-language
1,julia,julia-language
1,go,golang
1,go,golang-examples
1,mahapps,mahapps-metro
1,chrome,google-chrome
1,reflex-frp,reflexfrp
1,antlr,antlr4
1,antlr,antlr3
1,sketch,sketch-plugin
1,express,expressjs
1,express,express-js
1,nette,nettefw
1,nette,nette-framework
1,awesome,awesome-lists
1,awesome,awesome-list
1,bitcoin-cash,bch
1,bitcoin-cash,p2p-cash
1,bitcoin-cash,bitcoin-cash-wallet
1,bitcoin-cash,bitcoin-cash-payment
1,bitcoin-cash,bitcoin-cash-mining
1,open-source,opensource
1,open-source,oss
1,raku,rakudo
1,raku,nqp
1,raku,perl6
1,rust,rust-lang
1,rust,rustlang
1,rust,rust-language
1,biological-expression-language,bel
1,biological-expression-language,openbel
1,tailwind,tailwind-css
1,tailwind,tailwindcss
1,tailwind,tailwind-scaffolding
1,gulp,gulpjs
1,gulp,gulp-js
1,parsing,parser-generator
1,parsing,ast
1,parsing,lexer
1,parsing,tokenizer
1,parsing,grammar
1,parsing,lexical-analysis
1,parsing,parse
1,parsing,bnf
1,parsing,backus-naur-form
1,parsing,lalr
1,react,reactjs
1,react,react-js
1,chrome-extension,chrome-extensions
1,django,django-framework
1,django,django-application
1,emoji,emojis
1,emoji,emoji-unicode
1,emoji,emoji-keyboard
1,emoji,emojipacks
1,game-engine,game-engine-framework
1,game-engine,game-engine-development
1,game-engine,game-engines
1,deep-learning,deeplearning
1,deep-learning,deep-learning-tutorial
1,deep-learning,deep-learning-algorithms
1,deep-learning,deep-learning-papers
1,api,api-client
1,api,api-wrapper
1,api,api-rest
1,api,api-gateway
1,api,api-server
1,fabricmc,fabric
1,fabricmc,fabric-mod
1,testing,testing-tools
1,testing,testing-framework
1,testing,testing-practices
1,calculate-pi,calculatepi
1,calculate-pi,calculate-pi
1,styled-components,styledcomponents
1,operating-system,os
1,operating-system,operating-systems
1,operating-system,operating-systems-tutorials
1,operating-system,operating-system-examples
1,effector,effectorjs
1,effector,effector-js
1,nuxt,nuxtjs
1,actions,github-actions
1,actions,action
1,ios,ios-app
1,ios,ios-swift
1,ios,ios10
1,ios,ios11
1,avalonia,avaloniaui
1,viur,viur-framework
1,nim,nim-lang
1,nim,nimlang
1,nim,nim-language
1,cassandra,apache-cassandra
1,winforms,windowsforms
1,winforms,windows-forms
1,terminal,command-line
1,terminal,command-prompt
1,terminal,computer-terminal
1,neovim,nvim
1,neovim,neovim-qt
1,neovim,neovim-guis
1,neovim,neovim-clients
1,font,fonts
1,font,font-face
1,font,font-size
1,vanilla-js,vanilla-javascript
1,vanilla-js,vanillajs
1,aurelia,aureliajs
1,aurelia,aurelia-vnext
1,aurelia,vnext
1,aurelia,aurelia-spa
1,aurelia,spa
1,aurelia,jsx
1,aurelia,aureliavnext
1,aurelia,aurelia-2
1,aurelia,aurelia-2-vnext
1,continuous-integration,ci
1,bash,bash-script
1,spacevim,space-vim
1,visual-studio-code,vscode
1,getting-things-done,gtd
1,aspnet,asp-net
1,aspnet,aspnet-core
1,es6,es6-javascript
1,es6,es6-tutorial
1,bosque,bosquelang
1,bosque,bosque-lang
1,npm,npmjs
1,npm,npm-package
1,swift,swift3
1,swift,swift-3
1,swift,swift4
1,swift,swift-4
1,swift,swift-language
1,d,d2
1,d,dlang
1,d,d-programming
1,d,d-language
1,vue,vuejs
1,vue,vuejs2
1,vue,vue2
1,bootstrap,bootstrap3
1,bootstrap,bootstrap4
1,bootstrap,bootstrap-4
1,jekyll,jekyll-theme
1,jekyll,jekyll-site
1,jekyll,jekyll-themes
1,jekyll,jekyll-website
1,linux,linux-kernel
1,linux,linux-app
1,linux,linux-distribution
1,linux,linux-desktop
1,cryptocurrency,cryptocurrency-symbols
1,cryptocurrency,cryptocurrency-exchanges
1,cryptocurrency,cryptocurrency-list
1,bot,bots
1,archlinux,arch
1,archlinux,arch-linux
1,database,db
1,database,databases
1,rest-api,rest
1,rest-api,rest-api-tutorial
1,ipfs,ipfs-daemon
1,ipfs,ipfs-api
1,ipfs,ipfs-webui
1,ipfs,js-ipfs
1,ipfs,ipfs-protocol
1,ipfs,go-ipfs
1,nlp,natural-language-processing
1,nlp,nlp-machine-learning
1,nlp,nlp-resources
1,pmmp,pocketmine-mp
1,pmmp,pocketmine
1,pmmp,pocketmine-plugin
1,pmmp,pocketmine-plugins
1,pmmp,pocketmine-mp-plugin
1,pmmp,pmmp-plugin
1,google-cloud,google-cloud-platform
1,google-cloud,gcp
1,google-cloud,googlecloudplatform
1,clojurescript,cljs
1,composer,packagist
1,composer,composer-package
1,composer,packagist-package
1,library,lib
1,library,libraries
1,uwp,universal-windows-platform
1,windows,windows-10
1,windows,windows10
1,windows,windows-7
1,windows,windows-8
1,nativescript,tns
1,js13kgames,js13k
1,maven,apache-maven
1,pip,pypi
1,pip,pip-package
1,pip,pypi-package
1,eslint,eslint-plugin
1,eslint,eslint-config
1,scikit-learn,sklearn
1,university-of-texas-arlington,uta
1,university-of-texas-arlington,ut-arlington
1,mobile,mobile-apps
1,tic-80,tic80
1,vertx,vert-x
1,dle,dle12
1,dle,dle13
1,dle,datalife
1,first-tech-challenge,ftc
1,first-tech-challenge,first-ftc
1,first-tech-challenge,ftc-robot-controller
1,first-tech-challenge,ftc-sdk
1,robotframework,robot-framework
1,robotframework,rf
1,robotframework,rbtfrmwrk
1,gamemaker,gml
1,gamemaker,gamemaker-language
1,gamemaker,game-maker-language
1,gamemaker,gamemaker-studio
1,gamemaker,gamemaker-studio-2
1,gamemaker,gms2
1,documentation,docs
1,documentation,documentations
1,documentation,documentation-generator
1,game-off,github-game-off
1,game-off,githubgameoff
1,game-off,gameoff
1,game-off,ggo12
1,game-off,ggo13
1,game-off,ggo14
1,game-off,ggo15
1,game-off,ggo16
1,python,python3
1,python,python2
1,python,python-3
1,python,python-2
1,python,python27
1,python,python-3-6
1,python,python-3-5
1,python,py
1,haxe,hx
1,haxe,hxml
1,webpack,webpack2
1,webpack,webpack3
1,yii,yii2
1,yii,yii-framework
1,yii,yii2-framework
1,yii,yii2-extension
1,racket,rkt
1,racket,racket-lang
1,racket,racket-language
1,racket,racketscript
1,racket,urlang
1,jwt,rfc-7519
1,mysql,mysql-database
1,nodejs,node
1,nodejs,node-js
1,zeplin,zeplin-extension
1,zeplin,zem
1,machine-learning,machine-learning-algorithms
1,machine-learning,machine-learning-library
1,machine-learning,machine-learning-application
1,pixel-vision-8,pixelvision-8
1,pixel-vision-8,pixelvision8
1,mediawiki,mediawiki-api
1,monero,monero-cryptocurrency
1,monero,monero-crypto
1,nuget,nuget-package
1,firefox-extension,firefox-extensions
1,firefox-extension,firefox-addon
1,firefox-extension,firefox-addons
1,firefox-extension,add-ons-for-firefox
1,firefox-extension,firefox-webextension
1,firefox-extension,firefox-webextensions
1,pihole,pi-hole
1,redis,redis-db
1,redis,redisdb
1,userscript,userjs
1,userscript,greasemonkey
1,userscript,tampermonkey
1,userscript,violentmonkey
1,emulator,emulators
1,fantasy-console,fantasy-computer
1,nestjs,nest
1,nestjs,nest-js
1,gatsby,gatsbyjs
1,gatsby,gatsby-js
1,qt,qt-framework
1,qt,qt-application
1,qt,qt5
1,laravel,laravel4
1,laravel,laravel5
1,laravel,laravel54
1,laravel,laravel55
1,laravel,laravel-framework
1,laravel,laravel6
1,guildwars2,guildwars-2
1,guildwars2,gw2
1,guildwars2,guild-wars-2
1,guildwars2,guildwarstwo
1,tensorflow,tensorflow-tutorials
1,tensorflow,tensorflow-experiments
1,tensorflow,tensorflow-models
1,tensorflow,tensorflow-examples
1,computer-vision,machine-vision
1,thelounge,thelounge-theme
1,monitoring,monitor
1,monitoring,metrics
1,perl,perl5
1,perl,perl-script
1,deployment,deploy-tool
1,deployment,deployment-manager
1,basic8,basic-8
1,javascript,js
1,sublime-text,sublime
1,sublime-text,sublime-text-3
1,codeception,codeception-module
1,data-visualization,dataviz
1,code-review,review
1,zsh,zshell
1,global-game-jam,globalgamejam
1,global-game-jam,ggj
1,global-game-jam,ggj2009
1,global-game-jam,ggj2010
1,global-game-jam,ggj2011
1,global-game-jam,ggj2012
1,global-game-jam,ggj2013
1,global-game-jam,ggj2014
1,global-game-jam,ggj2015
1,global-game-jam,ggj2016
1,global-game-jam,ggj2017
1,global-game-jam,ggj2018
1,global-game-jam,ggj2019
1,global-game-jam,ggj2020
1,global-game-jam,ggj2021
1,global-game-jam,ggj2022
1,global-game-jam,ggj2023
1,global-game-jam,ggj2024
1,pharo,pharo-smalltalk
1,pharo,pharo-project
1,zeronet,zeroframe
1,zeronet,zite
1,minecraft,minecraft-mod
1,minecraft,minecraft-plugin
1,phaser,phaserjs
1,pixel-art,pixelart
1,kentico-kontent,kentico-cloud
1,imagej,fiji
1,imagej,fiji-plugin
1,dependency-management,dependencies
1,dependency-management,dependency-manager
1,microformats,microformat
1,microformats,mikroformate
1,microformats,mikroformat
1,microformats,microformats2
1,microformats,mf2
1,material-design,material-design-principles
1,cms,content-management-system
1,cms,content-management
1,icon-font,icon-fonts
1,spring-boot,springboot
1,synthetic-biology,synbio
1,localization,localisation
1,unreal-engine,ue4
1,unreal-engine,unrealengine
1,unreal-engine,unrealengine4
1,unreal-engine,unreal-engine-4
1,online-judge,onlinejudge
1,javafx,javafx-application
1,javafx,javafx-desktop-apps
1,javafx,javafx-gui
1,javafx,javafx-library
1,javafx,openjfx
1,cwl,common-workflow-language
1,cwl,commonwl
1,wagtail,wagtail-cms
1,macos,macosx
1,macos,macos-sierra
1,macos,macos-app
1,macos,mac-osx
1,macos,mac
1,first,first-robotics
1,first,firstrobotics
1,conan,conanio
1,purescript,pure-script
1,algorithm,algorithms
1,data-structures,data-structure
1,sitecore,xdb
1,godot,godotengine
1,godot,godot-engine
1,godot,godot-game-engine
1,godot,gdscript
1,code-quality,quality
1,angular,angularjs
1,angular,angular2
1,angular,angular4
1,angular,angular-2
1,angular,angular1
1,sdn,software-defined-networking
1,sdn,software-defined-network
1,ai,artificial-intelligence
1,ai,machine-intelligence
1,framework,frameworks
1,raspberry-pi,raspberry-pi-4
1,raspberry-pi,raspberry-pi-3
1,raspberry-pi,raspberry-pi-2
1,raspberry-pi,raspberry-pi-camera
1,raspberry-pi,raspberrypi
1,open-access,openaccess
1,support,ticketing
1,support,helpdesk
1,php-fusion,phpfusion
1,php-fusion,php-fusion-cms
1,php-fusion,php-fusion-themes
1,php-fusion,php-fusion-infusions
1,hackathon,hackfest
1,hackathon,codefest
1,hackathon,hackday
1,homebrew,brew
1,dart,dartlang
1,dart,dart-lang
1,standard-ml,sml
1,terraform,hashicorp-terraform
1,terraform,terraform-configurations
1,terraform,terraform-module
1,terraform,terraform-modules
1,terraform,terraform-providers
1,security,security-tools
1,security,security-vulnerability
1,security,security-audit
1,gin,gin-gonic
1,gin,gin-contrib
1,open-data,opendata
1,java,java-8
1,java,java8
1,java,java11
1,java,java-11
1,java,jvm
1,java,jdk
1,java,openjdk
1,java,javase
1,java,java-se
1,powershell,powershell-script
1,powershell,windows-powershell
1,powershell,powershell-core
1,bitcoin,bitcoin-wallet
1,bitcoin,bitcoins
1,bitcoin,bitcoin-payment
1,svelte,sveltejs
1,svelte,svelte3
1,fastify,fastify1
1,fastify,fastify-1
1,fastify,fastify2
1,fastify,fastify-2
1,electron,electronjs
1,mongodb,mongodb-database
1,ubuntu,kubuntu
1,ubuntu,xubuntu
1,ubuntu,lubuntu
1,ubuntu,edubuntu
1,ubuntu,ubuntu1604
1,ubuntu,ubuntu1404
1,ubuntu,ubuntu1704
1,ubuntu,ubuntu1204
1,ubuntu,ubuntu-core
1,pwa,progressive-web-app
1,pwa,progressive-web-apps
1,matlab,matrix-laboratory
1,algolia,algoliasearch
1,algolia,algolia-search
1,game-jam,gamejam
1,php,php7
1,php,php5
1,php,php71
1,json,json-api
1,json,jsonapi
1,p2p,peer2peer
1,p2p,peer-to-peer
1,telegram,telegram-client
1,telegram,telegram-bot
1,telegram,telegram-api
1,web-assembly,webassembly
1,web-assembly,wasm
1,clojure,clj
1,covid-19,covid19
1,elm,elm-lang
1,elm,elmlang
1,elm,elm-language
1,elm,elm
1,web-components,webcomponent
1,web-components,web-component
1,web-components,webcomponents
1,v,v-lang
1,v,vlang
1,v,v-language
1,f-droid,fdroid
1,virtual-reality,virtual-reality-experiences
1,virtual-reality,virtual-reality-worlds
1,virtual-reality,vr
1,webextension,webextensions
1,webextension,web-extension
1,webextension,web-extensions
1,webextension,browserext
1,latex,latex-template
1,latex,latex-class
1,latex,latex-package
1,latex,latex-document
1,latex,latex-examples
1,assemblyscript,as
1,serverless,serverless-architecture
1,serverless,serverless-examples
1,openfin,openfin-api
1,pov-ray,povray
1,neural-network,artificial-neural-network
1,kerbal-space-program,ksp
1,kerbal-space-program,kerbal
1,kerbal-space-program,kerbal-space
1,kerbal-space-program,kerbalspaceprogram
1,koa,koajs
1,koa,koa2
1,koa,koa-middleware
1,crystal,crystal-lang
1,crystal,crystallang
1,crystal,crystal-language
1,symfony,symfony2
1,symfony,symfony3
1,symfony,symfony-component
1,symfony,symfony-bundle
1,c,c-language
1,fish,fish-shell
1,fish,fishshell
1,fish,fish-plugin
1,fish,fish-packages
1,fish,fisherman
1,fish,fisher
1,fish,oh-my-fish
1,markdown,md
1,markdown,markdown-editor
1,firefox,mozilla-firefox
1,firefox,firefox-quantum
1,firefox,firefox-browser
1,docker,docker-container
1,server,servers
1,image-processing,digital-image-processing
1,html,html5
1,react-native,react-native-app
1,wordpress,wordpress-development
1,wordpress,wordpress-site
