23,netflow-v5,netflow,
23,qv2ray,ray,
23,fetchreach-v1,fetch,
23,arm32v6,arm,
23,rv8-benchmarks,benchmark,
23,typo3-v9-lts,typo3-lts,
23,sigv4client,sig,client
23,cryptonight-v8,cryptonight,
23,v2ray-gui,ray-gui,
23,mldv2,mld,
23,deeplab-v3,deeplab,
23,retodotcsv2080super,-1,
23,om5p-acv2,om5p-ac,
23,civ5,ci,
23,ev3dev-lang-java,lang-java,
23,rv8,-1,
23,ipv6-migration,ip-migration,
23,d3v3,d3,
23,v20-python,python,
23,ipv4flagday,ip,
23,spriteuv2,spriteu,
23,recaptcha-v2,recaptcha,
23,smtlibv2,Smt-lib,
23,proxmark3-rdv4,Prox-mark,
23,geckodriver-armv6,geckodriver-arm,
23,nodejs-api-v8,nodejs-api,
23,lyra2rev3,lyra,
23,jquery-ztreev3,jquery-ztree,
23,wacv18,wac,
23,bdn-v3,bdn,
23,v12,-1,
23,arm64v8,arm,
23,cellular-v2x,cellular,
23,opencv3,opencv,
23,ov5640,-1,
23,fnv32,-1,
23,dhcpv6-server,dhcp-server,
23,v8fork,fork,
23,ntlmv2,ntlm,
23,kv4x,-1,
23,youtube-api-v3,youtube-api,
23,kong-v10,kong,
23,v3s,-1,
23,v2ray-core,ray-core,
23,csv2db,csv,db
23,oandapyv20,-1,
23,c-v2x,-1,
23,sbc-v2,sbc,
23,iccv2017,icc,
23,csv2aiml,csv,aiml
23,hhvm-v8js,hhvm-js,
23,yolov1-keras,yolo-keras,
23,v1-0,-1,
23,yolov2-videos,Yolo-video,
23,dialogflow-v2,dialog,flow
23,ipv4-network,ip-network,
23,opencv4,opencv,
23,v3rmillion,-1,
23,mobilenet-v3,mobilenet,
23,pendulum-v0,pendulum,
23,yolov2-model,yolo-model,
23,unix-v6sh,unix-sh,
23,ask-sdk-for-nodejs-v2,sdk-nodejs,
23,cmpv2,cmp,
23,v2ray-http-header,ray-http-header,
23,botbuilder-sdk-v4,botbuilder-sdk,
23,mobilenetv3,mobilenet,
23,drv8824,-1,
23,exiv2-library,exi-library,
23,chuwi-ilife-v7s,Chuwi-ilife,
23,saml-single-sign-on-v2,saml-single-sign-on,
23,deloreanv2,delorean,
23,ipv6-leakage,ip-leakage,
23,openshift-v4,openshift,
23,inceptionv4,inception,
23,l2tpv3,l2tp,
23,id3v2-4,id3,
23,v8-cffi,cffi,
23,ipv4-network-scanner,ip-network-scanner,
23,spv3,-1,
23,v34,-1,
23,dhcpv6-packet,dhcp-packet,
23,nfsv4,nfs,
23,cloudflare-rest-api-v4,cloudflare-rest-api,
23,pubnubv4,pubnub,
23,dv8,-1,
23,armv7l,arm,
23,nodejs-sdk-v1,nodejs-sdk,
23,lte-v2x,lte,
23,pkgv0002,package,
23,v8-net,net,
23,aws-signature-v4,aws-signature,
23,gnu-agplv3,gnu-agpl,
23,armv7m,arm,
23,svelte-v3,svelte,
23,pbrtv3,pbrt,
23,v20,-1,
23,x100v6,x100,
23,armeabi-v7a,arm,
23,apev2-tags,ape-tags,
23,ipv4-mapped-ipv6-by-dns64-nat64,Ip-mapped-ip-dns64-nat64,
23,lib-mp4v2,lib-mp4,
23,ipv4-tree,ip-tree,
23,support-ipv6,support-ip,
23,v2rayms,rayms,
23,ptv2,pt,
23,chainerv3,chainer,
23,csv11,csv,
23,shufflenetv2,shufflenet,
23,porter-stemmer-v2,porter-stemmer,
23,bmv2,-1,
23,v2ray-mac,ray,mac
23,rxjav2,rxjava,
23,mstestv2,mstest,
23,alpine-v8,alpine,
23,dnsv6,dns,
23,mschapv2,mschap,
23,aws-v2,aws,
23,improv3d,improve,
23,ircv3-support,irc-support,
23,drv8833,-1,
23,react-navigation-v3,react-navigation,
23,vdv301,-1,
23,drv8834,-1,
23,deeplabv3,deep,lab
23,ipv4-subnetting,ip-subnetting,
23,v60mini,mini,
23,rv32im,-1,
23,drv8313,-1,
23,ricin-v2,ricin,
23,hd6301v1,-1,
23,shufflenetv2plus,shufflenet,
23,qv2ray-plugin,ray-plugin,
23,snmpv2-trap,snmp-trap,
23,ev1527,-1,
23,metrica-v3,metrica,
23,armv4t-assembler,arm,assembler
23,mobilenetv1,mobilenet,
23,bitly-v4,bitly,
23,hsv2rgb,rgb,
23,lv95,-1,
23,desfire-ev2,desfire,
23,google-recaptcha-v3,google-recaptcha,
23,uv4l,-1,
23,ntv2,-1,
23,google-sheets-api-v4,google-sheets-api,
23,concrete5-v8,concrete,
23,v2ray-h2,ray,
23,softdev1,soft,
23,linkedin-api-v2,linkedin-api,
23,etcdv2,-1,
23,ipv6-subnetting,ip-subnetting,
23,ilpv4,ilp,
23,grbl-v11,grbl,
23,bypass-recaptcha-v2,bypass-recaptcha,
23,yuv2bmp,yuv,bmp
23,preference-v7,preference,
23,v4l2-device,device,
23,cifv3,cif,
23,orcv2,orc,
23,tiny-yolov3,tiny-yolo,
23,ffv1,-1,
23,cartpole-v1,cartpole,
23,bot-framework-v4,bot-framework,
23,opencv2-cookbook,openc-cookbook,
23,hl7v2-schema,hl7-schema,
23,libv8,lib,
23,wav2midi,wav,midi
23,v2ray-subscriber,ray-subscriber,
23,riscv32vega,risc,vega
23,pkcs1v15,pkcs,
23,dhcpv4,dhcp,
23,xv6-book-chinese,book-chinese,
23,ov7670,-1,
23,ev2400,-1,
23,ikev2,ike,
23,redbotv3,redbot,
23,wclv2018,wcl,
23,ipv6-calulator,ip-calulator,
23,tv4,-1,
23,d3v5,d3,
23,wnr2000v4,-1,
23,agpl-v3,agpl,
23,azure-functions-v2,azure-function,
23,pskv2,psk,
23,civ2,-1,
23,armv8-a,arm,
23,nyu-depth-v2,nyu-depth,
23,gym-pong-v0,gym-pong,
23,deeplab-v2,deep,lab
23,id3v2-3,id3,
23,skr-v13,skr,
23,v4u-owlcarousel,owlcarousel,
23,mountaincar-v0,mountain,car
23,rv32emc,rv,emc
23,pixijs-v5,pixi,js
23,hl7v3-standards,standard,hl7
23,v2rayu,ray,
23,ev2300,-1,
23,shufflenet-v1,shufflenet,
23,opencv4nodejs,opencv,nodejs
23,rv8-bench,benchmark,
23,laravel-recaptcha-v2,laravel-recaptcha,
23,sslv3,ssl,
23,sqv8,-1,
23,v8,-1,
23,ipv4-address,ip-address,
23,opencv2,opencv,
23,kv58,-1,
23,php-fpm-v7,php,fpm
23,v2ray-panel,ray,panel
23,wacv2019,wac,
23,lego-mindstrom-ev3,Lego-mindstrom,
23,eccv2018,ecc,
23,misskey-v10,miss,key
23,rv32i,-1,
23,samv71,sam,
23,vvv2,-1,
23,oanda-api-v20,oanda-api,
23,vue-echarts-v3,vue-chart,
23,id3-v10,id3,
23,wav2pcm,wav,pcm
23,v2ex,-1,
23,dnsv4,dns,
23,pyexiv2,pyexi,
23,v5,-1,
23,priv8,pri,
23,v850,-1,
23,fastai-v3,fastai,
23,chainerv6,chainer,
23,lv2-plugins,plugin,
23,rev2,-1,
23,v8-profiler,profiler,
23,id3-v23,id3,
23,vrrp-v3,vrrp,
23,kinectv2,kinect,
23,recaptcha-v3,recaptcha,
23,cuda10-trt-cv3-dockerfile,cuda-docker-file,
23,yuv2jpg,yuv,jpg
23,ikev2-docker,ike,docker
23,nyuv2,nyu,
23,ntv1,-1,
23,hacktiv8,hackti,
23,caffe-yolov3,caffe-yolo,
23,react-native-navigation-v2,react-native-navigation,
23,siv3d,-1,
23,gadv4,gad,
23,arm-legv8-simulator,arm-leg-simulator,
23,ikev2-vpn-service,ike-vpn-service,
23,yolov3,yolo,
23,id3-v22,id3,
23,snmpv1,snmp,
23,inceptionv1-onfire,inception,
23,armv9,arm,
23,zmapv6,zmap,
23,chainerv5,chainer,
23,surycat-v4,surycat,
23,ov7725,-1,
23,wav2letter,wav,letter
23,spartanv8,spartan,
23,3v4l,-1,
23,reduxv7,redux,
23,legv8-arm,leg,arm
23,v4l,-1,
23,flatfilev2,flat,file
23,ipv6-list,ip-list,
23,snmpv2,snmp,
23,lv2,-1,
23,reporting-api-v4,report-api,
23,opencv341,opencv,
23,hvdosdev2017,hvdosde,
23,opencv4android,opencv-android,
23,armv6-architecture,arm-architecture,
23,hbbtv1,hbbt,
23,lego-ev3-brick,lego-brick,
23,inceptionv2,inception,
23,react-router-v2,react-router,
23,sdhcv2,sdhc,
23,dbteamv3,dbteam,
23,v2ray-h2-website,ray-website,
23,v0,-1,
23,nv21,-1,
23,bdv2-theme,theme,
23,gaussianyolov3,gaussian-yolo,
23,5g-v2x,-1,
23,icmpv6,icmp,
23,botframeworkv4,bot-framework,
23,oasv3,oas,
23,ipv6-network,ip-network,
23,ipv4shutdown,Ip-shutdown,
23,v2ray-cli,ray-cli,
23,ipv4-ips,ip,
23,v8pp,-1,
23,netflow-v9,netflow,
23,b4v21,-1,
23,mit-xv6,mit,
23,dwolla-v2,dwolla,
23,statamic-v1,statamic,
23,v2ex-vue,vue,
23,ipv6,ip,
23,deeplabv2,deep,lab
23,ev2,-1,
23,create-react-app-v2,create-react-app,
23,silk-v3,silk,
23,c2s-v2,-1,
23,solace-sempv2,solace-semp,
23,ev3dev,dev,
23,v2ray-plugin,ray,plugin
23,ntv2-hashing,nt-hash,
23,torrent-v2,torrent,
23,ipv4-calculator,ip-calculator,
23,inception-v3,inception,
23,lyra2v2,lyra,
23,pbrt-v3,pbrt,
23,kinect-v2,kinect,
23,wsfev1,wsfe,
23,github-rest-v3,github-rest,
23,samlv2,saml,
23,gaussian-yolov3-implementation,Gaussian-yolo-implement,
23,weibov6,weibo,
23,samav2,sama,
23,app-v4-create-react-app,app-create-react-app,
23,ipv6-address,ip-address,
23,nodejs-sdk-v2,nodejs-sdk,
23,ipv4-heatmap,ip-heatmap,
23,etcdv3,etcd,
23,recaptchav2,recaptcha,
23,picorv32,picor,
23,hl7v2-messages,message,hl7
23,gplv3,gpl,
23,socksv5,socks,
23,digitalocean-apiv2-library,digitalocean-api-library,
23,xv6,-1,
23,exiv2,exi,
23,apk-signature-scheme-v2,apk-signature-scheme,
23,smbv1,smb,
23,xv6-os,os,
23,xv6-operating,operating,
23,mqttv5,mqtt,
23,uuid-v4,uuid,
23,v1model,model,
23,open-api-v3,open-api,
23,grid-v2,grid,
23,ipv4-over-ipv6,ip,
23,multi-v2ray,multi-ray,
23,v2,-1,
23,phpv8,php,
23,armv81,arm,
23,csv2latex,csv,latex
23,apiv4,api,
23,slatev1,slate,
23,armv4,arm,
23,weibo-v6,weibo,
23,hapi-v17,hapi,
23,tv7,-1,
23,redv3,red,
23,yolov3-darknet,yolo-darknet,
23,ov7670-fifo,fifo,
23,caffe-yolov2,caffe-yolo,
23,cvssv2,cvss,
23,lego-ev3,lego,
23,ipv56,ip,
23,ipv6-research,ip-research,
23,ntv1-hashing,nt-hash,
23,ssd-mobilenetv2,ssd-mobilenet,
23,vexpress-v2f-1xv7-ca53x2,express,
23,drv8838,-1,
23,google-maps-android-api-v2,Google-map-android-api,
23,gplv2,gpl,
23,ipv6lowpan,Ip-low-pan,
23,ipv4-spoofing,ip-spoofing,
23,armv6,arm,
23,rv32imf,imf,
23,hl7v2,hl7,
23,e107-v2,-1,
23,dropbox-v2,dropbox,
23,deeplab-v3-plus,deep,lab
23,sshv2,ssh,
23,ipv6-openvpn,ip-openvpn,
23,ikev2-vpn,ike-vpn,
23,ikev2-radius,ike-radius,
23,v1,-1,
23,shadowsocks-v2ray-plugin,shadowsocks-ray-plugin,
23,v8js,js,
23,fuckmanifestv3,manifest,
23,inception-resnet-v2,inception-resnet,
23,object-detection-using-yolov3,object-detect-yolo,
23,gaussian-yolov3,gaussian-yolo,
23,react-router-v5,react-router,
23,react-hot-loader-v4,react-hot-loader,
23,aws-sigv4,aws-sig,
23,cartpole-v0,cartpole,
23,v2ray-use-host,ray-host,
23,v3components,component,
23,ios-coreml-inceptionv3,Ios-core-ml-inception,
23,keras-yolov3-mobilenet,keras-yolo-mobilenet,
23,ipv6-framework,ip-framework,
23,v10,-1,
23,yolov1,yolo,
23,shibboleth-idpv3,shibboleth-idp,
23,id3v1-1,id3,
23,react-v16,react,
23,native-ipv6-interface,native-ip-interface,
23,v2v,-1,
23,riot-api-v3,riot-api,
23,espnetv2,espnetv,
23,yolov1-tensorflow,yolo-tensorflow,
23,v2rayng,Ray-ng,
23,v2ray-http2,Ray-http,
23,risc-v64,risc,
23,openwrt-v2ray,openwrt-ray,
23,cnv1,-1,
23,abi-v1,abi,
23,umbraco-v7,umbraco,
23,auto-update-v2ray-conf,Auto-update-ray-config,
23,yolov3-network,yolo-network,
23,to-do-v14,todo,
23,riscv32,risc,
23,rv64gc,rgc,
23,scriptdev2,script,dev
23,v8-engine,engine,
23,airsv2,airs,
23,cuda-opencv3,Cuda-opencv,
23,cozy-v3,cozy,
23,elbv2,elb,
23,iccv2015,icc,
23,v2g,-1,
23,wav2tap,wav,tap
23,kv1,-1,
23,stripe-v3,stripe,
23,gps-gy-neo6mv2,gps,
23,ev3-ios-sdk,ios-sdk,
23,botbuilder-sdk-v3,Bot-builder-sdk,
23,pytorch-yolov1,pytorch-yolo,
23,assholev0,-1,
23,openimages-v4,Open-image,
23,castv2,cast,
23,ov2640,-1,
23,ipv6-dhclient-script,ip-dhclient-script,
23,gnu-lgplv3,gnu-lgpl,
23,umbraco-v8,umbraco,
23,docker-registry-v2,docker-registry,
23,bmxnet-v2,bmxnet,
23,opencv3-python,opencv-python,
23,id3v2-tag,id3-tag,
23,drv8880,-1,
23,lkv373a,-1,
23,ev3,-1,
23,deeplabv3plus,deep,lab
23,tensorflow-v2,tensorflow,
23,v2ray-h2-tls,ray,
23,nazav2,naza,
23,s5pv210,-1,
23,ipv4-trie,ip,
23,nav2017,-1,
23,v4l2,-1,
23,webpack-v3,webpack,
23,vexpress-v2p-ca15-tc1,express,
23,mobilenetv2-ssdlite,Mobilenet-ssd-lite,
23,ipv6-only,ip,
23,php-v8,php,
23,hieunv1996,hieun,
23,eccv16,ecc,
23,pytorch-yolov3,pytorch-yolo,
23,v2ray-onekey,ray,
23,mobilenetv2plus,mobilenet,
23,iccv17,icc,
23,chainerv4,chainer,
23,aws-sdk-java-v1,aws-sdk-java,
23,x5-v7,-1,
23,rav1e,-1,
23,id3v2,id3,
23,v14,-1,
23,ikev1,ike,
23,sslv2,ssl,
23,shufflenet-v2,shufflenet,
23,ogre3d-v19,ogre3d,
23,searching-for-mobilenetv3,search-mobilenet,
23,om2p-hsv2,-1,
23,lyra2rev2,lyra,
23,bspv30,bsp,
23,v2ray-shadowsocks,ray-shadowsocks,
23,rv32imc,-1,
23,recaptcha-v2-captcha-solver,captcha-solver,
23,opensiv3d,opensid,
23,desfire-ev1,desfire,
23,v4l4j,-1,
23,autocv2-challenge,-1,
23,vex-v5,vex,
23,cehv9,ceh,
23,arm32v7,arm,
23,recaptcha-v3-laravel,recaptcha-laravel,
23,brfv4,brf,
23,ntlmv1-hashcat,ntlm-hashcat,
23,id3-v24,id3,
23,ipv4-ipv6,ip,
23,lv2-host,host,
23,c9v2,-1,
23,auth-v4,auth,
23,oslib-modv2,oslib-mod,
23,v8-wrapper,wrapper,
23,hl7v3,hl7,
23,apollo-client-v2,apollo-client,
23,funduino-v2,funduino,
23,v4l2-devices,device,
23,cifv4,cif,
23,ipv6-test,ip-test,
23,om2pv2,-1,
23,react-router-v3,react-router,
23,acoustio-v0,acoustio,
23,ipv6-dns,ip-dns,
23,yuv2rgb,yuv,rgb
23,webpack-v4,webpack,
23,1dv525,-1,
23,lgplv3,lgpl,
23,iccv19,icc,
23,id3-v11,id3,
23,gnu-gplv3,gnu-gpl,
23,bluerov2,bluero,
23,kv78turbo,turbo,
23,svt-av1,svt,
23,ssdkerasv2,Ssd-keras,
23,typo3-v8-lts,typo-lts,
23,dhcpv6,dhcp,
23,hbbtv2,hbbt,
23,v8-javascript-engine,javascript-engine,
23,fnv64,-1,
23,statamic-v2,statamic,
23,uuidv4,uuid,
23,google-recaptcha-v2,google-recaptcha,
23,auv3,-1,
23,typo3-v8,typo3,
23,uuid-v6,uuid,
23,mewv5,mew,
23,samv70,sam,
23,ppv2,-1,
23,ospfv3,ospf,
23,dev86,dev,
23,idv3,id3,
23,ccv2,ccv,
23,v9,-1,
23,v0v-bid,-1,
23,riscv32imfc,-1,
23,mkv2mkv,mkv,
23,react-php-v8js,react-php-js,
23,inception-v4,inception,
23,lego-mindstorms-ev3,Lego-mindstorm,
23,v2signingenabled,-1,
23,mac-v2ray,mac-ray,
23,yolov2,yolo,
23,efatura-v2,efatura,
23,v2ray,ray,
23,wav2json,wav,json
23,v8-natives,natives,
23,riscv64,risc,
23,arm64-v8a,arm,
23,csv2shp,csv,shp
23,ev3-robot,robot,
23,ipv6wry,ip,
23,yolov3-tiny,yolo-tiny,
23,hapi-v16,hapi,
23,boilerplate-microservice-v1,boilerplate-microservice,
23,lv2-plugin,plugin,
23,drumkv1,drumk,
23,v2ex-community,-1,
23,csv2sql,csv,sql
23,otrv4,-1,
23,v2x,-1,
23,v100,-1,
23,mailchimp-api-v3,mailchimp-api,
23,rfmobilenetv2plus,Rf-mobilenet,
23,captcha-services-for-recaptcha-v2,captcha,
23,hapi-v18,hapi,
23,acmev2,acme,
23,ipv6-support,ip-support,
23,ipv6-tree,ip-tree,
23,nginx-v2ray,nginx-ray,
23,aadv2,aad,
23,mobilenet-v1,mobilenet,
23,github-api-v3,github-api,
23,mobilnet-v2,mobilnet,
23,v8unpack,unpack,
23,nv2a,-1,
23,yolov1-pytorch,yolo-pytorch,
23,etcdv3-ruby,etcd-ruby,
23,twitch-api-v5,twitch-api,
23,xv6-solutions,solution,
23,inceptionv3,inception,
23,drv2605,-1,
23,igcv3,igc,
23,resnet-v2,resnet,
23,v202,-1,
23,av1,-1,
23,rv32e,-1,
23,1v1,1,
23,sdv2,-1,
23,d3-v4,d3,
23,dnsimple-v1,dns,
23,apev2,ape,
23,srv6-functions,function,
23,csv2pickle,csv,pickle
23,v3qrcodereader,Qr-code-reader,
23,yolov3-training,Yolo-train,
23,mipv6,mip,
23,vue-recaptcha-v3,vue-recaptcha,
23,ssd-inceptionv2,ssd-inception,
23,snmpv3,snmp,
23,actv3,act,
23,riot-api-v4,riot-api,
23,v2-1,-1,
23,react-router-v4,react-router,
23,cvssv3,cvss,
23,youtube-data-api-v3,youtube-data-api,
23,pkgv0001,package,
23,openshift-v3,openshift,
23,lejos-ev3,lejos,
23,rv4,-1,
23,laravel-google-recaptcha-v2,laravel-google-recaptcha,
23,v2ray-ws-tls,ray-ws-tls,
23,tv3,tv,
23,microsoft-bot-framework-v4,microsoft-bot-framework,
23,v2rayn,ray,
23,i2p-samv3,-1,
23,rdv4,-1,
23,silkv3,silk,
23,training-shufflenetv2,train-shufflenet,
23,aws-sdk-java-v2,aws-sdk-java,
23,drv8825,-1,
23,e107v2,-1,
23,ipv6-security,ip-security,
23,cv2x,-1,
23,dav1d,-1,
23,v60mini-firmware,mini-firmware,
23,psv2,-1,
23,icmpv4-packets,Icmp-packet,
23,v2v-posenet,posenet,
23,support-v4,support,
23,ionicv1,ionic,
23,itu-v21,itu,
23,openimagev5,Open-image,
23,opencv4-python,opencv-python,
23,c2s-v3,-1,
23,heroku-v8js,heroku-js,
23,ipv4-port-scanner,Ip-port-scan,
23,mobilenetv2,mobilenet,
23,dbteamv2,dbteam,
23,cudnn-v7,cudnn,
23,rexdeployv3,Rex-deploy,
23,cv1,-1,
23,mr900v2,-1,
23,div2k,-1,
23,glidev4,glide,
23,hubot-aws-v2,hubot-aws,
23,agplv3,agpl,
23,cgroups-v2,-1,
23,armv8,arm,
23,v2ex-api,api,
23,ant-design-pro-v4,Ant-design,
23,csv2xlsx,csv,xlsx
23,chainerv2,chainer,
23,v2i,-1,
23,wndr3700v4,-1,
23,v1-1,1,
23,wacv19,wac,
23,ircv3,irc,
23,j2v8,-1,
23,inception-v1,inception,
23,rv32,-1,
23,csv2json,csv,json
23,youtubeapiv3,youtube-api,
23,cnv2,-1,
23,android-v8,android,
23,armv6-m,arm,
23,siteleaf-v1,Site-leaf,
23,yolov2-tiny,yolo-tiny,
23,rootnav2,Root-nav,
23,redux-v3,redux,
23,tlsv1,tls,
23,v4l2-m2m,-1,
23,noir-camera-v2,noir-camera,
23,acme-v2,acme,
23,xv6-extensions,extension,
23,plv8,-1,
23,armv7hf,arm,
23,id3v1,id3,
23,expfactory-v1,expfactory,
23,aws-java-sdk-v2,aws-java-sdk,
23,v2ray-multi,ray-multi,
23,aws-v4,aws,
23,d4v2,-1,
23,appcompat-v7,App-compat,
23,bdv2,-1,
23,drv8301,-1,
23,craptev1,crapte,
23,vl53v1x,-1,
23,csv2geojson,csv,json
23,hashcatv2,hashcat,
23,custom-elements-v1,Custom-element,
23,armv7a,arm,
23,cryptonight-v7,cryptonight,
23,cv2,-1,
23,laravel-recaptcha-v3,laravel-recaptcha,
23,v8blog,blog,
23,libv4l-plugin,lib-plugin,
23,elb-v2,-1,
23,rs-uv3a,-1,
23,ipv4-mesh,ip-mesh,
23,hackdev17,hack,dev
23,armv5,arm,
23,traefik-v2,traefik,
23,amitdev101,dev,amit
23,conv2d,conv2d,
23,rdv40,-1,
23,p4c-bmv2,-1,
23,latest-v8-js-engine,js-engine,
23,netflow-v9-parser,netflow-parser,
23,ipv4,ip,
23,amrv8,arm,
23,github-api-v4,github-api,
23,v7,-1,
23,shufflenetv1,shufflenet,
23,sigv4,sig,
23,iccv2019,icc,
23,dev4dev,dev,
23,cehv10,ceh,
23,csv2rdf,csv,rdf
23,v4,-1,
23,flv2ts,flv,ts
23,ev3rt,-1,
23,rv32m1,-1,
23,cnv4,-1,
23,tiny-yolov2,tiny-yolo,
23,yolov3-pytorch,yolo-pytorch,
23,v6,-1,
23,vfpv3,vfp,
23,ipv4-support,ip-support,
23,adrv9361,adr,
23,redux-form-v6,redux-form,
23,conv1x1,-1,
23,yolo-v2,yolo,
23,prosv5,pros,
23,angular2-d3v4,angular-d3,
23,ipv8,ip,
23,v2land,land,
23,tellstick-znet-lite-v2,tellstick-znet-lite,
23,frozenlake-v0,Frozen-lake,
23,analytics-v4,analytic,
23,mobilenet-v2,mobilenet,
23,tracev3,trace,
23,armv7,arm,
23,ahirv2,ahir,
23,accv2018,acc,
23,apiv2,api,
23,1v1-game,game,
23,vrrpv2-daemon,vrrp-daemon,
23,cos-python-sdk-v5,cos-python-sdk,
23,yolo-v3,yolo,
23,e3-1231v3,-1,
23,statamic-v3,statamic,
23,v2-ui,ui,
23,srv6,-1,
23,ss-panel-v3,panel,
23,civ4,-1,
23,youtube-api-v2,youtube-api,
23,inceptionv3-model,inception-model,
23,odatav4,data,
23,ntlmv1,ntlm,
23,igmpv3,igmp,
23,tellstick-net-v2,tellstick-net,
23,archer-c7-v2,archer,
23,v2rayclient,ray,client
23,d3v4,d3,
23,csv2yaml,csv,yaml
23,v3,-1,
